Keyword,Source,Seed
netflix 下载,Google,Netflix
netflix stock,Bing,Netflix
netflix stock,Google,Netflix
netflix官网,Bing,Netflix
netflix官网,Google,Netflix
netflix是什么,Bing,Netflix
netflix是什么,Google,Netflix
netflix 中文,Google,Netflix
netflix 下载 安卓,Google,Netflix
netflix apk,Bing,Netflix
netflix apk,Google,Netflix
netflix会员,Bing,Netflix
netflix会员,Google,Netflix
netflix 回魂计,Google,Netflix
netflix download,Bing,Netflix
netflix download,Google,Netflix
netflix app,Bing,Netflix
netflix app,Google,Netflix
netflix下载,Bing,Netflix
netflixgc 奈飞工厂,Bing,Netflix
netflix login,Bing,Netflix
netflix login,Google,Netflix
netflix注册,Bing,Netflix
netflix下载电脑版,Bing,Netflix
netflix 恶缘,Google,Netflix
netflix 额外成员设定,Google,Netflix
netflix 儿童,Google,Netflix
netflix 额外 成员 取消 ptt,Google,Netflix
netflix额外成员是什么,Google,Netflix
netflix儿童电影,Google,Netflix
netflix额外成员dcard,Google,Netflix
netflix 儿童 电影 2025,Google,Netflix
netflix 额外成员如何登入,Google,Netflix
netflix 额外 成员 装置,Google,Netflix
netflix儿童专区设定,Google,Netflix
netflix儿童推荐,Google,Netflix
netflix额外会员,Google,Netflix
netflix 电影推荐,Google,Netflix
netflix 电视剧,Google,Netflix
netflix 电影,Google,Netflix
netflix电视剧推荐,Google,Netflix
netflix 动漫,Google,Netflix
netflix 电视剧 推荐 2025,Google,Netflix
netflix登入,Google,Netflix
netflix dns解锁,Google,Netflix
netflix 动画,Google,Netflix
netflix订阅,Google,Netflix
netflix低价区,Google,Netflix
netflix电视版,Google,Netflix
netflix电影,Bing,Netflix
netflix电视版apk,Bing,Netflix
netflix account,Bing,Netflix
netflix account,Google,Netflix
netflix apk 下载,Google,Netflix
netflix 安装 包,Google,Netflix
netflix apk for tv,Bing,Netflix
netflix apk for tv,Google,Netflix
netflix app下载,Google,Netflix
netflix 暗河传,Google,Netflix
netflix android tv apk,Bing,Netflix
netflix android tv apk,Google,Netflix
netflix 暗黑,Google,Netflix
netflix apk tv版,Bing,Netflix
netflix app下載,Bing,Netflix
netflix apk下载,Bing,Netflix
netflix free,Bing,Netflix
netflix free,Google,Netflix
netflix free trial,Bing,Netflix
netflix free trial,Google,Netflix
netflix 方案,Google,Netflix
netflix for mac,Bing,Netflix
netflix for mac,Google,Netflix
netflix 凡人修仙传,Google,Netflix
netflix for android tv,Bing,Netflix
netflix for android tv,Google,Netflix
netflix 费用,Google,Netflix
netflix 分股,Google,Netflix
netflix for tv,Bing,Netflix
netflix for tv,Google,Netflix
netflix f1,Bing,Netflix
netflix f1,Google,Netflix
netflix bilingual subtitles,Bing,Netflix
netflix bilingual subtitles,Google,Netflix
netflix 百年孤独,Google,Netflix
netflix 并购,Google,Netflix
netflix 不良,Google,Netflix
netflix 不良一族寻爱记,Google,Netflix
netflix必看,Google,Netflix
netflix 不良一族,Google,Netflix
netflix blog,Bing,Netflix
netflix blog,Google,Netflix
netflix 不眠日,Google,Netflix
netflix breaking bad,Bing,Netflix
netflix breaking bad,Google,Netflix
netflix必看电影,Google,Netflix
netflix 暴君的厨师,Google,Netflix
netflix 拆股,Google,Netflix
netflix 测速,Google,Netflix
netflix 长安二十四计,Google,Netflix
netflix 财报,Google,Netflix
netflix测试,Google,Netflix
netflix canada,Bing,Netflix
netflix canada,Google,Netflix
netflix conductor,Bing,Netflix
netflix conductor,Google,Netflix
netflix china,Bing,Netflix
netflix china,Google,Netflix
netflix创始人,Google,Netflix
netflix股票,Google,Netflix
netflix购买,Google,Netflix
netflix 怪奇物语,Google,Netflix
netflix 股价,Google,Netflix
netflix 官网 下载,Google,Netflix
netflix 怪物,Google,Netflix
netflix 高 分 电影,Google,Netflix
netflix 共享,Google,Netflix
netflix 高分,Google,Netflix
netflix 广告,Google,Netflix
netflix 国产剧,Google,Netflix
netflix 鬼怪,Google,Netflix
netflix官网入口,Bing,Netflix
netflixgc 奈飞工厂官网,Bing,Netflix
netflix官网下载,Bing,Netflix
netflix官网在线观看,Bing,Netflix
netflixgc 奈飞工厂下载,Bing,Netflix
netflix investor relations,Bing,Netflix
netflix investor relations,Google,Netflix
netflix inc,Bing,Netflix
netflix inc,Google,Netflix
netflix ios 安装 包,Google,Netflix
netflix indonesia,Bing,Netflix
netflix indonesia,Google,Netflix
netflix ios,Bing,Netflix
netflix ios,Google,Netflix
netflix india,Bing,Netflix
netflix india,Google,Netflix
netflix ipa,Bing,Netflix
netflix ipa,Google,Netflix
netflix 韩剧 排行,Google,Netflix
netflix合租,Bing,Netflix
netflix合租,Google,Netflix
netflix hk,Bing,Netflix
netflix hk,Google,Netflix
netflix好看的剧,Google,Netflix
netflix好剧推荐,Google,Netflix
netflix会员价格,Bing,Netflix
netflix会员价格,Google,Netflix
netflix 黑盒子,Google,Netflix
netflix好看的电影,Google,Netflix
netflix会员共享,Google,Netflix
netflix 黑白大厨,Google,Netflix
netflix 韩剧,Bing,Netflix
netflix 恐怖片,Google,Netflix
netflix客户端,Bing,Netflix
netflix客户端,Google,Netflix
netflix kids,Bing,Netflix
netflix kids,Google,Netflix
netflix kpop demon hunters,Bing,Netflix
netflix kpop demon hunters,Google,Netflix
netflix可以下载吗,Google,Netflix
netflix恐怖片推荐,Google,Netflix
netflix可以投屏吗,Google,Netflix
netflix 卡通,Google,Netflix
netflix 客服 电话,Google,Netflix
netflix 柯南,Google,Netflix
netflix客服,Google,Netflix
netflix 看什么,Google,Netflix
netflix 恐怖 片 推荐 2025,Google,Netflix
netflix 卡通 电影 推荐,Google,Netflix
netflix 内推,Google,Netflix
netflix哪个区便宜,Google,Netflix
netflix news,Bing,Netflix
netflix news,Google,Netflix
netflix new releases,Bing,Netflix
netflix new releases,Google,Netflix
netflix nz,Bing,Netflix
netflix nz,Google,Netflix
netflix not available怎么办,Google,Netflix
netflix new movies,Bing,Netflix
netflix new movies,Google,Netflix
netflix哪个地区片源最多,Google,Netflix
netflix 女 女 電影,Google,Netflix
netflix 您 似乎 使用 了 解锁 工具,Google,Netflix
netflix 年 费 方案,Google,Netflix
netflix not available 怎么办,Bing,Netflix
netflix 美剧 推荐,Google,Netflix
netflix movies,Bing,Netflix
netflix movies,Google,Netflix
netflix mac,Bing,Netflix
netflix mac,Google,Netflix
netflix免费,Google,Netflix
netflix membership,Bing,Netflix
netflix membership,Google,Netflix
netflix 美剧 推荐 2025,Google,Netflix
netflix 面试,Google,Netflix
netflix 面经,Google,Netflix
netflix免费版,Google,Netflix
netflix 美国方案,Google,Netflix
netflix 美国 台湾 差异,Google,Netflix
netflix macos,Bing,Netflix
netflix macos,Google,Netflix
netflix mac客户端,Bing,Netflix
netflix礼品卡,Google,Netflix
netflix logo,Bing,Netflix
netflix logo,Google,Netflix
netflix礼品卡购买,Google,Netflix
netflix 礼品 卡 支付宝,Google,Netflix
netflix 乐园,Google,Netflix
netflix l5 一亩三分地,Google,Netflix
netflix 陆 剧 清单 2025,Google,Netflix
netflix 陆 剧 不能 看,Google,Netflix
netflix 冷冻期,Google,Netflix
netflix last samurai standing 中文,Google,Netflix
netflix 律师 美剧,Google,Netflix
netflix 恋爱实境,Google,Netflix
netflix 纪录片,Google,Netflix
netflix价格,Bing,Netflix
netflix价格,Google,Netflix
netflix jobs,Bing,Netflix
netflix jobs,Google,Netflix
netflix 绝命毒师,Google,Netflix
netflix解锁,Google,Netflix
netflix剧集推荐,Google,Netflix
netflix japan,Bing,Netflix
netflix japan,Google,Netflix
netflix 纪录片 推荐,Google,Netflix
netflix剧集,Bing,Netflix
netflix剧集,Google,Netflix
netflix介绍,Google,Netflix
netflix检测,Google,Netflix
netflix解锁检测,Google,Netflix
netflix镜像,Google,Netflix
netflix 骄阳似我,Google,Netflix
netflix 进击的巨人,Google,Netflix
netflix加速器,Bing,Netflix
netflix 家庭方案,Bing,Netflix
netflix 欧美 宫廷 剧,Google,Netflix
netflix one piece,Bing,Netflix
netflix one piece,Google,Netflix
netflix 欧美剧,Google,Netflix
netflix 偶像疯子,Google,Netflix
netflix 欧美 宫廷 剧 2025,Google,Netflix
netflix 欧美电影,Google,Netflix
netflix欧美剧推荐,Google,Netflix
netflix 欧联,Google,Netflix
netflix 欧美动画,Google,Netflix
netflix 欧美 古装 剧,Google,Netflix
netflix 欧美 校园 剧,Google,Netflix
netflix 排行榜,Google,Netflix
netflix premium,Bing,Netflix
netflix premium,Google,Netflix
netflix排行,Google,Netflix
netflix perm 一亩三分地,Google,Netflix
netflix 排名,Google,Netflix
netflix片单,Google,Netflix
netflix pc,Bing,Netflix
netflix pc,Google,Netflix
netflix pc客户端,Bing,Netflix
netflix pc客户端,Google,Netflix
netflix price,Bing,Netflix
netflix price,Google,Netflix
netflix 全球 排行 榜,Google,Netflix
netflix 亲爱的x,Google,Netflix
netflix清晰度,Google,Netflix
netflix 亲子 电影 推荐,Google,Netflix
netflix 取消订阅,Google,Netflix
netflix 器子,Google,Netflix
netflix 清晰度设置,Google,Netflix
netflix 清单,Google,Netflix
netflix前十名,Google,Netflix
netflix 其他国家,Google,Netflix
netflix 取消会员,Google,Netflix
netflix 全球价格,Google,Netflix
netflix其他装置登入,Google,Netflix
netflix 取消 订阅 ptt,Google,Netflix
netflix 亲子 电影,Google,Netflix
netflix student,Bing,Netflix
netflix student,Google,Netflix
netflix stock price,Bing,Netflix
netflix stock price,Google,Netflix
netflix subscription,Bing,Netflix
netflix subscription,Google,Netflix
netflix 舒淇,Google,Netflix
netflix收购华纳,Google,Netflix
netflix 收购,Google,Netflix
netflix是什么公司,Google,Netflix
netflix shop,Bing,Netflix
netflix shop,Google,Netflix
netflix 双语字幕,Google,Netflix
netflix 市值,Google,Netflix
netflix 三体,Bing,Netflix
netflix tv,Bing,Netflix
netflix tv,Google,Netflix
netflix 天龙八部,Google,Netflix
netflix 台剧,Google,Netflix
netflix 推荐,Google,Netflix
netflix 台湾电视剧,Google,Netflix
netflix tv安装包,Google,Netflix
netflix top 10,Bing,Netflix
netflix top 10,Google,Netflix
netflix tech blog,Bing,Netflix
netflix tech blog,Google,Netflix
netflix 同户装置,Bing,Netflix
netflix 同户装置,Google,Netflix
netflix 推薦电影,Google,Netflix
netflix 台剧推荐,Google,Netflix
netflix tv apk 下载,Google,Netflix
netflix tv版,Bing,Netflix
netflix tv版,Google,Netflix
netflix 台 剧 排行 2025,Google,Netflix
netflix tv下载,Bing,Netflix
netflix tv apk下载,Bing,Netflix
netflix tv版下载,Bing,Netflix
netflix tv app 下载,Bing,Netflix
netflix 日剧,Google,Netflix
netflix 如果我不曾见过太阳,Google,Netflix
netflix ranking,Bing,Netflix
netflix ranking,Google,Netflix
netflix 日剧推荐,Google,Netflix
netflix 日剧 列表,Google,Netflix
netflix 日本电视剧,Google,Netflix
netflix 日剧 列表 2025,Google,Netflix
netflix热播剧,Google,Netflix
netflix如何注册,Google,Netflix
netflix register,Bing,Netflix
netflix register,Google,Netflix
netflix热门剧集,Google,Netflix
netflix日本,Bing,Netflix
netflix vpn,Bing,Netflix
netflix vpn,Google,Netflix
netflix vpn 失效,Google,Netflix
netflix vietnam,Bing,Netflix
netflix vietnam,Google,Netflix
netflix vr,Bing,Netflix
netflix vr,Google,Netflix
netflix venezuela,Bing,Netflix
netflix venezuela,Google,Netflix
netflix vpn 推荐,Google,Netflix
netflix vpn检测,Google,Netflix
netflix 网页 版,Google,Netflix
netflix 武士生死斗,Google,Netflix
netflix warner bros,Bing,Netflix
netflix warner bros,Google,Netflix
netflix windows,Bing,Netflix
netflix windows,Google,Netflix
netflix 武士,Google,Netflix
netflix 网页 版 登入,Google,Netflix
netflix 外交官,Google,Netflix
netflix warner,Bing,Netflix
netflix warner,Google,Netflix
netflix wiki,Bing,Netflix
netflix wiki,Google,Netflix
netflix 维基百科,Google,Netflix
netflix无法访问,Google,Netflix
netflix无法登入,Google,Netflix
netflix无法注册,Google,Netflix
netflix网页打不开,Google,Netflix
netflix 网飞,Bing,Netflix
netflix windows客户端,Bing,Netflix
netflix网页版入口,Bing,Netflix
netflix us,Bing,Netflix
netflix us,Google,Netflix
netflix uk,Bing,Netflix
netflix uk,Google,Netflix
netflix ui3012,Bing,Netflix
netflix ui3012,Google,Netflix
netflix ui-113,Bing,Netflix
netflix ui-113,Google,Netflix
netflix unknown number 中文,Google,Netflix
netflix uwp,Bing,Netflix
netflix uwp,Google,Netflix
netflix 新剧,Google,Netflix
netflix香港价格,Google,Netflix
netflix 下载 mac,Google,Netflix
netflix 许我耀眼,Google,Netflix
netflix 信用卡,Google,Netflix
netflix 下载 ios,Google,Netflix
netflix 限制,Google,Netflix
netflix 下载 windows,Google,Netflix
netflix 下 架 原因,Google,Netflix
netflix 小栗旬,Google,Netflix
netflix需要付费吗,Google,Netflix
netflix 新 剧 推荐,Google,Netflix
netflix新台剧,Google,Netflix
netflix 香港,Bing,Netflix
netflix下载安卓,Bing,Netflix
netflix新剧,Bing,Netflix
netflix 新片,Bing,Netflix
netflix下载ios,Bing,Netflix
netflix下载apk,Bing,Netflix
netflix拼车,Bing,Netflix 拼车
netflix拼车平台,Bing,Netflix 拼车
netflix奈飞合租拼车平台有哪些,Bing,Netflix 拼车
netflix奈飞合租、拼车平台有哪些,Bing,Netflix 拼车
netflix 一亩三分地,Google,Netflix
netflix 影后,Google,Netflix
netflix有什么好看的,Google,Netflix
netflix有什么好看的电影,Google,Netflix
netflix有中文字幕吗,Google,Netflix
netflix 月 费 省 钱 法,Google,Netflix
netflix 月费,Google,Netflix
netflix 影集,Google,Netflix
netflix一个月多少钱,Google,Netflix
netflix 粤语 配音 韩剧,Google,Netflix
netflix 一吻爆炸,Google,Netflix
netflix要钱吗,Google,Netflix
netflix 游戏,Google,Netflix
netflix 影集 排行,Google,Netflix
netflix影集推荐,Google,Netflix
netflix 月費,Bing,Netflix
netflix以827亿美元收购华纳兄弟,Bing,Netflix
netflix 影视官网,Bing,Netflix
netflix影视在线观看,Bing,Netflix
netflix账号,Bing,Netflix
netflix账号,Google,Netflix
netflix 注册,Google,Netflix
netflix 中文剧,Google,Netflix
netflix 中文 电影,Google,Netflix
netflix 中文字幕,Google,Netflix
netflix 账号 购买,Google,Netflix
netflix 中国电视剧,Google,Netflix
netflix怎么注册,Google,Netflix
netflix 中文 电视剧 推荐,Google,Netflix
netflix 字幕,Google,Netflix
netflix 总部,Google,Netflix
netflix 最新推荐,Google,Netflix
netflix 中国电影,Google,Netflix
netflix怎么设置中文,Google,Netflix
netflix在线观看,Bing,Netflix
netflix怎么读,Bing,Netflix
netflix中文网,Bing,Netflix
netflix在线观看网站,Bing,Netflix
netflix账号共享,Bing,Netflix
netflix账号注册,Bing,Netflix
netflix 拼,Google,Netflix 拼车
netflix 拼 团,Google,Netflix 拼车
netflix 拼车 v2ex,Google,Netflix 拼车
netflix 拼车 telegram,Google,Netflix 拼车
netflix 合租 dcard,Bing,Netflix 合租
netflix 合租 dcard,Google,Netflix 合租
netflix 合租 ptt,Google,Netflix 合租
netflix 合租 香港,Google,Netflix 合租
netflix 合租 台湾,Google,Netflix 合租
netflix 合租 虾皮,Google,Netflix 合租
netflix 合租 诈骗,Google,Netflix 合租
netflix 合租 fb,Google,Netflix 合租
netflix 合租 诈骗 dcard,Google,Netflix 合租
netflix 合租 电视,Google,Netflix 合租
netflix合租方案,Google,Netflix 合租
netflix合租平台,Bing,Netflix 合租
netflix 合租 平台 推薦,Bing,Netflix 合租
netflix合租指南,Bing,Netflix 合租
netflix合租ptt,Bing,Netflix 合租
netflix会员合租,Bing,Netflix 合租
netflix账号合租,Bing,Netflix 合租
netflix disney 合租,Google,Netflix 合租
netflix 合租 平台 dcard,Google,Netflix 合租
netflix 合租 電視,Google,Netflix 合租
netflix 合租 詐騙 dcard,Google,Netflix 合租
合租netflix,Google,Netflix 合租
www.netflix.com官网,Bing,Netflix 合租
disney+ 還是netflix,Bing,Netflix 合租
disney+與netflix,Bing,Netflix 合租
disney+ 跟 netflix,Bing,Netflix 合租
netflix 合租 蝦皮,Google,Netflix 合租
netflix 合租 方案,Google,Netflix 合租
netflix 合租 平台 ptt,Google,Netflix 合租
netflix 合租 平台 台湾,Google,Netflix 合租
netflix 找 人 合租,Google,Netflix 合租
netflix 家庭 方案 合租,Google,Netflix 合租
netflix 高级 方案 合租,Google,Netflix 合租
netflix 合租 費用,Google,Netflix 合租
netflix 合租 平台 台灣,Google,Netflix 合租
netflix 高級 方案 合租,Google,Netflix 合租
netflix合租一個月,Google,Netflix 合租
netflix 合用,Google,Netflix 合租
j com netflix 料金,Bing,Netflix 合租
netflix 共享 合租,Google,Netflix 合租
netflix可以合租嗎,Google,Netflix 合租
netflix 合租 風險,Google,Netflix 合租
netflix合租問題,Google,Netflix 合租
netflix qr code 登入,Bing,Netflix 合租
netflix 合租 threads,Google,Netflix 合租
netflix 合租 淘 宝,Google,Netflix 合租
netflix 合租 台灣,Google,Netflix 合租
netflix 合租 帳號,Google,Netflix 合租
netflix合租社團,Google,Netflix 合租
netflix 合租 社 群,Google,Netflix 合租
netflix apple tv 同戶,Bing,Netflix 合租
netflix合租香港,Google,Netflix 合租
netflix合租虾皮,Google,Netflix 合租
netflix_extension怎么用,Bing,Netflix 合租
netflix 价格 表,Google,Netflix 价格
netflix 价格方案,Google,Netflix 价格
netflix价格 年费,Google,Netflix 价格
netflix 价格调整,Google,Netflix 价格
netflix 价格 马来西亚,Google,Netflix 价格
netflix 价格 全球,Google,Netflix 价格
netflix收费吗,Google,Netflix 价格
netflix价格表,Bing,Netflix 价格
netflix价格2024,Bing,Netflix 价格
netflix订阅价格,Bing,Netflix 价格
香港netflix价格,Bing,Netflix 价格
netflix各区价格,Bing,Netflix 价格
netflix官网价格,Bing,Netflix 价格
netflix 價格 美國,Google,Netflix 价格
netflix 各国 收费,Google,Netflix 价格
netflix 美国 价格,Google,Netflix 价格
港区netflix价格,Bing,Netflix 价格
中国netflix价格,Bing,Netflix 价格
netflix价格比较,Google,Netflix 价格
netflix 价格 美国,Google,Netflix 价格
netflix 价格 便宜,Google,Netflix 价格
netflix 网页 版 价格,Google,Netflix 价格
netflix 高级 版 价格,Google,Netflix 价格
netflix 家庭 版 价格,Google,Netflix 价格
netflix 爆 米花 价格,Google,Netflix 价格
netflix港区价格,Bing,Netflix 价格
netflix 价格 土耳其,Google,Netflix 价格
netflix 价格 dcard,Google,Netflix 价格
netflix 土耳其 区 价格,Google,Netflix 价格
netflix 台 区 价格,Google,Netflix 价格
netflix 同户装置 价格,Google,Netflix 价格
netflix 订阅,Google,Netflix 价格
土 区 netflix 价格,Google,Netflix 价格
奈飞低价区,Google,Netflix 价格
netflix 价格 方案,Google,Netflix 价格
netflix 价格 比较,Google,Netflix 价格
netflix 价格 hk,Google,Netflix 价格
netflix 日 区 价格,Google,Netflix 价格
netflix 全球 价格 表,Google,Netflix 价格
netflix 不同 区 价格,Google,Netflix 价格
netflix 不同 地区 价格,Google,Netflix 价格
netflix 香港 会员 价格,Google,Netflix 价格
netflix 全球 价格 比较,Google,Netflix 价格
netflix香港订阅价格,Google,Netflix 价格
netflix香港区价格,Google,Netflix 价格
netflix 方案 家庭 价格,Google,Netflix 价格
netflix 高级 方案 价格,Google,Netflix 价格
netflix 标准 方案 价格,Google,Netflix 价格
netflix 家庭 号 价格,Google,Netflix 价格
netflix 原本 价格,Google,Netflix 价格
netflix 学生 方案 价格,Google,Netflix 价格
netflix 国家 价格,Google,Netflix 价格
netflix 价格,Google,Netflix 价格
netflix 收费,Google,Netflix 价格
apple tv netflix 码率,Bing,Netflix 价格
apple tv+和netflix哪个好,Bing,Netflix 价格
about netflix - 主页,Bing,Netflix 价格
netflix 涨 价 了,Google,Netflix 价格
netflix 价格 家庭,Google,Netflix 价格
netflix 会员 价格,Google,Netflix 价格
netflix 各区 价格,Google,Netflix 价格
netflix 港 区 价格,Google,Netflix 价格
netflix 加拿大 价格,Google,Netflix 价格
netflix 高级 会员 价格,Google,Netflix 价格
netflix 各国 价格 ptt,Google,Netflix 价格
netflix 共享 价格,Google,Netflix 价格
netflix 高级 价格,Google,Netflix 价格
netflix 高级方案 价格,Google,Netflix 价格
netflix 高级版 价格,Google,Netflix 价格
netflix英国价格,Google,Netflix 价格
埃及 netflix 价格,Google,Netflix 价格
netflix高分,Google,Netflix 价格
奈飞价格,Bing,Netflix 价格
奈飞价格,Google,Netflix 价格
netflix 价格 跨 区,Google,Netflix 价格
netflix 股票 价格,Google,Netflix 价格
netflix 阿根廷 价格,Google,Netflix 价格
netflix 欧洲 价格,Google,Netflix 价格
netflix 收费 价格,Google,Netflix 价格
netflix 价格 ptt,Google,Netflix 价格
netflix premium 价格,Google,Netflix 价格
netflix便宜,Google,Netflix 价格
台湾 netflix 价格 ptt,Google,Netflix 价格
netflix最便宜,Google,Netflix 价格
netflix 全球 定价,Google,Netflix 价格
netflix 价格 新加坡,Google,Netflix 价格
netflix 价格 差别,Google,Netflix 价格
netflix 印尼 价格,Google,Netflix 价格
netflix最新价格,Google,Netflix 价格
netflix 国 外 价格,Google,Netflix 价格
netflix 新 价格,Google,Netflix 价格
netflix 价格 台湾,Google,Netflix 价格
netflix 价格 年 费,Google,Netflix 价格
netflix 地区 价格,Google,Netflix 价格
netflix 各 地区 价格,Google,Netflix 价格
netflix 巴西 价格,Google,Netflix 价格
netflix 巴基斯坦 价格,Google,Netflix 价格
netflix 的 价格,Google,Netflix 价格
netflix 中国价格,Google,Netflix 价格
netflix 每 月 价格,Google,Netflix 价格
netflix taiwan 价格,Google,Netflix 价格
netflix tw 价格,Google,Netflix 价格
netflix 一个 月 价格,Google,Netflix 价格
泰国 netflix 价格,Google,Netflix 价格
u next netflix 比較,Bing,Netflix 价格
u next netflix hulu 比較,Bing,Netflix 价格
netflix と u next 比較,Bing,Netflix 价格
netflix和disney+哪个好,Bing,Netflix 价格
netflix vpn 价格,Google,Netflix 价格
windows 的 netflix app,Bing,Netflix 价格
电视的 netflix 不能 看,Bing,Netflix 价格
netflix movies and tv shows下载,Bing,Netflix 价格
windows 上的 netflix app,Bing,Netflix 价格
netflix 乌克兰 价格,Google,Netflix 价格
netflix 全球 价格 2025,Google,Netflix 价格
netflix 账号 价格,Google,Netflix 价格
netflix 美 区 价格,Google,Netflix 价格
netflix 独享 共享,Google,Netflix 独享
netflix 独 享 账号,Google,Netflix 独享
netflix 独享方案,Google,Netflix 独享
netflix独占,Google,Netflix 独享
netflix独占配信,Google,Netflix 独享
netflix 將於 4 月禁分享密碼,Bing,Netflix 独享
www.netflix.com 似乎已關閉連線,Bing,Netflix 独享
netflix独享账号,Google,Netflix 独享
www.netflix.com 被拒绝,Bing,Netflix 独享
netflix百年孤独,Google,Netflix 独享
netflix 共享方案,Google,Netflix 独享
netflix 獨享 共享,Google,Netflix 独享
netflix_extension 教學,Bing,Netflix 独享
netflix 4k hdr 影片,Bing,Netflix 独享
netflix 和 hbo 线路,Bing,Netflix 独享
netflix 的 ip,Google,Netflix 独享
netflix ip地址,Google,Netflix 独享
netflix 加载 不 出来,Bing,Netflix 独享
独享ip,Google,Netflix 独享
独享ip购买,Google,Netflix 独享
netflix 多 人 方案,Google,Netflix 独享
netfrix 独占,Google,Netflix 独享
此版本的 netflix app 與您的裝置不相容。 -13,Bing,Netflix 独享
netflix 毒枭,Google,Netflix 独享
windows 版 netflix app,Bing,Netflix 独享
netflix和disney+,Bing,Netflix 独享
disney+和netflix,Bing,Netflix 独享
netflix独行侠,Google,Netflix 独享
xbox series x 看netflix,Bing,Netflix 独享
netflix 4k 巴哈,Bing,Netflix 4K
netflix 4k 巴哈,Google,Netflix 4K
netflix 4k browser,Bing,Netflix 4K
netflix 4k browser,Google,Netflix 4K
netflix 4k 播放,Google,Netflix 4K
netflix 4k bitrate,Bing,Netflix 4K
netflix 4k bitrate,Google,Netflix 4K
netflix 4k bandwidth,Bing,Netflix 4K
netflix 4k bandwidth,Google,Netflix 4K
netflix 4k bitrate 2024,Bing,Netflix 4K
netflix 4k bitrate 2024,Google,Netflix 4K
netflix 4k bandbreite,Bing,Netflix 4K
netflix 4k bandbreite,Google,Netflix 4K
netflix 4k black screen,Bing,Netflix 4K
netflix 4k black screen,Google,Netflix 4K
netflix 4k 表示されない,Bing,Netflix 4K
netflix 4k edge,Bing,Netflix 4K
netflix 4k edge,Google,Netflix 4K
netflix 4k 电影,Google,Netflix 4K
netflix 4k 影片 多 吗,Google,Netflix 4K
netflix 4k影片推荐,Google,Netflix 4K
netflix 4k vs 1080p,Bing,Netflix 4K
netflix 4k vs 1080p,Google,Netflix 4K
netflix 4k 电视,Google,Netflix 4K
netflix 4k 下载,Google,Netflix 4K
netflix 4k 影片 ptt,Google,Netflix 4K
netflix 4k 电脑 2025,Google,Netflix 4K
netflix 4k 设置,Google,Netflix 4K
netflix 4k 浏览器,Bing,Netflix 4K
netflix 4k 浏览器,Google,Netflix 4K
netflix 4k 网路速度,Google,Netflix 4K
netflix 4k price,Bing,Netflix 4K
netflix 4k price,Google,Netflix 4K
netflix 4k電腦設定,Bing,Netflix 4K
netflix 4k pc,Bing,Netflix 4K
netflix 4k pc,Google,Netflix 4K
netflix 4k 電腦,Bing,Netflix 4K
netflix 4k插件,Bing,Netflix 4K
netflix 4k hdr,Bing,Netflix 4K
netflix 4k hdr,Google,Netflix 4K
netflix 4k movies,Bing,Netflix 4K
netflix 4k movies,Google,Netflix 4K
netflix 4k extension,Bing,Netflix 4K
netflix 4k extension,Google,Netflix 4K
netflix 4k windows 11,Bing,Netflix 4K
netflix 4k windows 11,Google,Netflix 4K
netflix 4k abonnement,Bing,Netflix 4K
netflix 4k abonnement,Google,Netflix 4K
netflix 4k 电脑,Google,Netflix 4K
netflix 4k displayport,Bing,Netflix 4K
netflix 4k displayport,Google,Netflix 4K
netflix 4k dp線,Bing,Netflix 4K
netflix 4k电影,Bing,Netflix 4K
netflix 4k chrome,Bing,Netflix 4K
netflix 4k chrome,Google,Netflix 4K
netflix 4k content list,Bing,Netflix 4K
netflix 4k content list,Google,Netflix 4K
netflix 4k cena,Bing,Netflix 4K
netflix 4k cena,Google,Netflix 4K
netflix 4k costo,Bing,Netflix 4K
netflix 4k costo,Google,Netflix 4K
netflix 4k content,Bing,Netflix 4K
netflix 4k content,Google,Netflix 4K
netflix 4k check,Bing,Netflix 4K
netflix 4k check,Google,Netflix 4K
netflix 4k cost,Bing,Netflix 4K
netflix 4k cost,Google,Netflix 4K
netflix 4k github,Bing,Netflix 4K
netflix 4k github,Google,Netflix 4K
netflix 4k edge not working,Bing,Netflix 4K
netflix 4k edge not working,Google,Netflix 4K
netflix 4k edge設定,Bing,Netflix 4K
netflix 4k 方案,Bing,Netflix 4K
netflix 4k 方案,Google,Netflix 4K
netflix 4k firefox,Bing,Netflix 4K
netflix 4k firefox,Google,Netflix 4K
netflix 4k filme,Bing,Netflix 4K
netflix 4k filme,Google,Netflix 4K
netflix 4k fiyat,Bing,Netflix 4K
netflix 4k fiyat,Google,Netflix 4K
netflix 4k filmler,Bing,Netflix 4K
netflix 4k filmler,Google,Netflix 4K
netflix 4k filme liste,Bing,Netflix 4K
netflix 4k filme liste,Google,Netflix 4K
netflix 4k fix,Bing,Netflix 4K
netflix 4k fix,Google,Netflix 4K
netflix 4k filmy,Bing,Netflix 4K
netflix 4k filmy,Google,Netflix 4K
netflix 4k画质,Google,Netflix 4K
netflix 4k hd 比较,Google,Netflix 4K
netflix 4k hdr windows 11,Bing,Netflix 4K
netflix 4k hdr windows 11,Google,Netflix 4K
netflix 4k hdr 作品,Bing,Netflix 4K
netflix 4k on browser,Bing,Netflix 4K
netflix 4k on browser,Google,Netflix 4K
netflix 4k价钱,Google,Netflix 4K
netflix 4k 检测,Google,Netflix 4K
netflix 4k 机场,Google,Netflix 4K
netflix 4k检测,Bing,Netflix 4K
netflix 4k kijken,Bing,Netflix 4K
netflix 4k kijken,Google,Netflix 4K
netflix 4k 流量,Google,Netflix 4K
netflix 4k library,Bing,Netflix 4K
netflix 4k library,Google,Netflix 4K
netflix 4k list,Bing,Netflix 4K
netflix 4k list,Google,Netflix 4K
netflix 4k linux,Bing,Netflix 4K
netflix 4k linux,Google,Netflix 4K
netflix 4k 瀏覽器,Bing,Netflix 4K
netflix 4k 料金,Bing,Netflix 4K
netflix 4k mac,Bing,Netflix 4K
netflix 4k mac,Google,Netflix 4K
netflix 4k macbook,Bing,Netflix 4K
netflix 4k macbook,Google,Netflix 4K
netflix 4k mbps,Bing,Netflix 4K
netflix 4k mbps,Google,Netflix 4K
netflix 4k码率,Bing,Netflix 4K
netflix 4k not working,Bing,Netflix 4K
netflix 4k not working,Google,Netflix 4K
netflix 4k not working on pc,Bing,Netflix 4K
netflix 4k not working on pc,Google,Netflix 4K
netflix 4k no pc,Bing,Netflix 4K
netflix 4k no pc,Google,Netflix 4K
netflix 4k on pc,Bing,Netflix 4K
netflix 4k on pc,Google,Netflix 4K
netflix 4k on windows,Bing,Netflix 4K
netflix 4k on windows,Google,Netflix 4K
netflix 4k ptt,Bing,Netflix 4K
netflix 4k ptt,Google,Netflix 4K
netflix 4k 片单,Google,Netflix 4K
netflix 4k 频宽,Google,Netflix 4K
netflix 4k plan,Bing,Netflix 4K
netflix 4k plan,Google,Netflix 4K
netflix 4k 片 源,Google,Netflix 4K
netflix 4k preis,Bing,Netflix 4K
netflix 4k preis,Google,Netflix 4K
netflix 4k precio,Bing,Netflix 4K
netflix 4k precio,Google,Netflix 4K
netflix 4k preço,Bing,Netflix 4K
netflix 4k preço,Google,Netflix 4K
netflix 4k pc reddit,Bing,Netflix 4K
netflix 4k pc reddit,Google,Netflix 4K
netflix 4k设定,Google,Netflix 4K
netflix 4k 设定 电视,Google,Netflix 4K
netflix 4k 手机,Google,Netflix 4K
netflix 4k settings,Bing,Netflix 4K
netflix 4k settings,Google,Netflix 4K
netflix 4k supported devices,Bing,Netflix 4K
netflix 4k supported devices,Google,Netflix 4K
netflix 4k resolution,Bing,Netflix 4K
netflix 4k resolution,Google,Netflix 4K
netflix 4k recharge,Bing,Netflix 4K
netflix 4k recharge,Google,Netflix 4K
netflix 4k review,Bing,Netflix 4K
netflix 4k review,Google,Netflix 4K
netflix 4k reddit,Bing,Netflix 4K
netflix 4k reddit,Google,Netflix 4K
netflix 4k requirements,Bing,Netflix 4K
netflix 4k requirements,Google,Netflix 4K
netflix 4k test,Bing,Netflix 4K
netflix 4k test,Google,Netflix 4K
netflix 4k 条件,Google,Netflix 4K
netflix 4k tv,Bing,Netflix 4K
netflix 4k tv,Google,Netflix 4K
netflix 4k titles,Bing,Netflix 4K
netflix 4k titles,Google,Netflix 4K
netflix 4k ultra hd,Bing,Netflix 4K
netflix 4k ultra hd,Google,Netflix 4K
netflix 4k uk,Bing,Netflix 4K
netflix 4k uk,Google,Netflix 4K
netflix 4k uhd premium,Bing,Netflix 4K
netflix 4k uhd premium,Google,Netflix 4K
netflix 4k ultra hd 專區,Bing,Netflix 4K
netflix 4k vale la pena,Bing,Netflix 4K
netflix 4k vale la pena,Google,Netflix 4K
netflix 4k valor,Bing,Netflix 4K
netflix 4k valor,Google,Netflix 4K
netflix 4k video,Bing,Netflix 4K
netflix 4k video,Google,Netflix 4K
netflix 4k vs 1080p reddit,Bing,Netflix 4K
netflix 4k vs 1080p reddit,Google,Netflix 4K
netflix 4k 网速,Google,Netflix 4K
netflix 4k windows,Bing,Netflix 4K
netflix 4k windows,Google,Netflix 4K
netflix 4k worth it,Bing,Netflix 4K
netflix 4k worth it,Google,Netflix 4K
netflix 4k worth it reddit,Bing,Netflix 4K
netflix 4k worth it reddit,Google,Netflix 4K
netflix 4k香港,Google,Netflix 4K
netflix 4k下载,Bing,Netflix 4K
netflix 4k需要多少带宽,Bing,Netflix 4K
netflix 4k 怎么 看,Google,Netflix 4K
netflix 4k 作品一覧,Bing,Netflix 4K
netflix 4k怎么看,Bing,Netflix 4K
netflix 4k账号,Bing,Netflix 4K
netflix 4k 作品一覧 2024,Bing,Netflix 4K
netflix 4k怎么开,Bing,Netflix 4K
netflix 4k 作品 アニメ,Bing,Netflix 4K
netflix 4k影片,Bing,Netflix 4K
netflix 4k影片,Google,Netflix 4K
netflix 4k 影片 有 哪些,Google,Netflix 4K
netflix 4k 影片 推荐,Google,Netflix 4K
netflix 4k 要求,Google,Netflix 4K
netflix 4k影片有哪些,Bing,Netflix 4K
netflix 4k影片多嗎,Bing,Netflix 4K
netflix 同户装置设定,Google,Netflix 同户
netflix 同户设备,Bing,Netflix 同户
netflix 同户设备,Google,Netflix 同户
netflix同户装置电脑,Google,Netflix 同户
netflix 同户装置 电视,Google,Netflix 同户
netflix 同户装置的无线网路,Google,Netflix 同户
netflix 同 户 装置 数量,Google,Netflix 同户
netflix 同户装置 dcard,Google,Netflix 同户
netflix 同户装置 ptt,Google,Netflix 同户
netflix 同户装置 手机,Google,Netflix 同户
netflix 同户装置 解决,Google,Netflix 同户
netflix同户设定,Google,Netflix 同户
netflix 同户装置 vpn,Google,Netflix 同户
netflix 同 户 装置 dcard 2025,Google,Netflix 同户
netflix同户装置取消,Google,Netflix 同户
您的设备不属于此帐户的netflix同户设备,Bing,Netflix 同户
您的电视尚未设为此账户的netflix同户装置,Bing,Netflix 同户
您的设备不属于此账户的netflix同户设备,Bing,Netflix 同户
您的电视不属于此账户的netflix同户设备,Bing,Netflix 同户
你的设备不属于此账户的netflix同户设备,Bing,Netflix 同户
你的电视不属于此账户的netflix同户设备,Bing,Netflix 同户
netflix 同户 apple tv,Google,Netflix 同户
netflix同户装置设定,Google,Netflix 同户
netflix同户设备,Bing,Netflix 同户
netflix同户设备,Google,Netflix 同户
netflix 同户,Google,Netflix 同户
netflix跳过同户,Bing,Netflix 同户
chromecast netflix 同户,Google,Netflix 同户
netflix 同户 电视,Google,Netflix 同户
netflix 同户 dcard,Google,Netflix 同户
netflix 电脑 同户 dcard,Google,Netflix 同户
netflix 同帐号 不同装置,Google,Netflix 同户
netflix 同时,Google,Netflix 同户
google tv netflix 同户,Google,Netflix 同户
netflix 同户 判定,Google,Netflix 同户
netflix 同户 不同电视,Google,Netflix 同户
netflix 同户 不同wifi,Google,Netflix 同户
netflix 同户 平板,Google,Netflix 同户
netflix 方案 同户,Google,Netflix 同户
netflix同帐号不同装置,Google,Netflix 同户
netflix 同一个帐号,Google,Netflix 同户
netflix 同一个使用者,Google,Netflix 同户
netflix 同个帐号,Google,Netflix 同户
www.netflix.com注册,Bing,Netflix 同户
netflix/hbo付费账号,Bing,Netflix 同户
netflix 同户 两台电视,Google,Netflix 同户
netflix 同户 解决,Google,Netflix 同户
netflix 行动装置 同户,Google,Netflix 同户
netflix 同一户,Google,Netflix 同户
netflix 同户认证,Google,Netflix 同户
netflix 同户 旅行,Google,Netflix 同户
netflix 同户 ptt,Google,Netflix 同户
netflix pc 同户,Google,Netflix 同户
netflix 电脑 同户 ptt,Google,Netflix 同户
netflix 同时用,Google,Netflix 同户
ps5 netflix 同户,Google,Netflix 同户
netflix 同户 装置,Google,Netflix 同户
netflix同户装置,Bing,Netflix 同户
netflix 同户 wifi,Google,Netflix 同户
netflix 同住户,Google,Netflix 同户
apple tv netflix 同户,Google,Netflix 同户
netflix 同户 定义,Google,Netflix 同户
netflix 同户 手机,Google,Netflix 同户
netflix 同户 vpn,Google,Netflix 同户
netflix 同 户 v2ex,Google,Netflix 同户
netflix同户验证,Google,Netflix 同户
netflix 同户 lihkg,Google,Netflix 同户
netflix同户装置电视,Google,Netflix 同户
netflix同户装置可以有几个,Google,Netflix 同户
netflix同户装置100元,Google,Netflix 同户
netflix 同户装置 额外成员,Google,Netflix 同户
netflix 同户帐户,Google,Netflix 同户
netflix 验证码,Google,Netflix 验证
netflix验证码收不到,Google,Netflix 验证
netflix 验证 码 收 不 到 ptt,Google,Netflix 验证
netflix 验证 dcard,Google,Netflix 验证
netflix 验证码转寄,Google,Netflix 验证
netflix 验证信 转寄,Google,Netflix 验证
netflix 验证 14 天,Google,Netflix 验证
netflix 验证码 email,Google,Netflix 验证
netflix 验证码 自动转寄,Google,Netflix 验证
netflix验证装置,Google,Netflix 验证
netflix 验证手机号,Google,Netflix 验证
netflix验证码,Bing,Netflix 验证
netflix验证手机号,Bing,Netflix 验证
netflix手机号验证,Bing,Netflix 验证
netflix短信验证,Bing,Netflix 验证
netflix注册需要验证手机号,Bing,Netflix 验证
netflix手机验证,Bing,Netflix 验证
netflix手机验证码,Bing,Netflix 验证
无法验证您的netflix,Bing,Netflix 验证
思想验证区域netflix,Bing,Netflix 验证
netflix 没收 到 验证 码,Google,Netflix 验证
netflix 登陆 不 上,Google,Netflix 验证
netflix 注册 报错,Google,Netflix 验证
netflix 注册 不了,Google,Netflix 验证
netflix 驗證 破解,Google,Netflix 验证
netflix认证,Google,Netflix 验证
netflix 验证装置,Google,Netflix 验证
netflix验证,Google,Netflix 验证
netflix 验证 同 户,Google,Netflix 验证
netflix 验证 同 户 装置,Google,Netflix 验证
netflix 验证 码 dcard,Google,Netflix 验证
netflix 14 天 验证 dcard,Google,Netflix 验证
netflix 同 住 验证,Google,Netflix 验证
netflix 如何 验证 同 户 装置,Google,Netflix 验证
netflix登陆密码错误,Google,Netflix 验证
netflix登录,Google,Netflix 验证
netflix 手机 号 验证,Google,Netflix 验证
netflix 无法 验证 手机 号码,Google,Netflix 验证
netflix 验证 手机 号码,Google,Netflix 验证
netflix 检测 到 vpn,Google,Netflix 验证
netflix 驗證 問題,Google,Netflix 验证
netflix注册不了,Google,Netflix 验证
netflix 验证 email,Google,Netflix 验证
netflix 验证 码 email,Google,Netflix 验证
netflix 驗證 email,Google,Netflix 验证
netflix 注册 邮箱,Google,Netflix 验证
netflix 验证 方式,Google,Netflix 验证
netflix 家庭 方案 验证,Google,Netflix 验证
netflix 家庭 方案 验证 码,Google,Netflix 验证
netflix 不用 验证 码,Google,Netflix 验证
netflix 多久 验证 一次,Google,Netflix 验证
netflix 验证,Google,Netflix 验证
apple id 驗證失敗,Google,Netflix 验证
netflix 检测,Google,Netflix 验证
netflix 解锁 检测,Google,Netflix 验证
netflix 检测 脚本,Google,Netflix 验证
netflix 驗證 簡訊,Google,Netflix 验证
netflix 家庭 验证,Google,Netflix 验证
netflix验证码转寄,Google,Netflix 验证
netflix验证码收不到ptt,Google,Netflix 验证
美国 验证 码 免费,Google,Netflix 验证
美国 验证 码,Google,Netflix 验证
netfx_full.mzz下载,Bing,Netflix 验证
netflix 您 未 获 授权 无法 查看 此 网页,Google,Netflix 验证
netflix 验证 码 收 不 到,Google,Netflix 验证
netflix 手机 验证 码 收 不 到,Google,Netflix 验证
netflix 收 验证 码,Google,Netflix 验证
netflix 验证 信 收 不 到,Google,Netflix 验证
netflix 验证 ptt,Google,Netflix 验证
netflix 一直 要 验证 ptt,Google,Netflix 验证
netflix 验证 码 ptt,Google,Netflix 验证
netflix 14 天 验证 ptt,Google,Netflix 验证
netflix pin码,Google,Netflix 验证
无法 验证 其 安全 性,Google,Netflix 验证
netflix 请求 遭 到 拒绝,Google,Netflix 验证
netflix 验证 信,Google,Netflix 验证
netflix 验证 装置,Google,Netflix 验证
netflix 双重 验证,Google,Netflix 验证
netflix 验证 手机,Google,Netflix 验证
netflix 验证 手机 号,Google,Netflix 验证
netflix 短信 验证,Google,Netflix 验证
netflix 手机 验证 码,Google,Netflix 验证
netflix 登入 验证,Google,Netflix 验证
netflix 验证 信件 的 转 寄 功能,Google,Netflix 验证
netflix 登入 验证 码,Google,Netflix 验证
netflix 登入 要 验证 码,Google,Netflix 验证
netflix 登入 需要 验证 码 吗,Google,Netflix 验证
netflix 取消 验证,Google,Netflix 验证
netflix vpn 验证,Google,Netflix 验证
netflix注册教程,Google,Netflix 验证
netflix无法登录,Google,Netflix 验证
无法验证其完整,Google,Netflix 验证
netflix 要 一直 验证,Google,Netflix 验证
netflix 要 验证,Google,Netflix 验证
netflix 要求 验证,Google,Netflix 验证
netflix 为什么 要 验证,Google,Netflix 验证
netflix 要 验证 码,Google,Netflix 验证
netflix 经常 要 验证,Google,Netflix 验证
netflix 为什么 要 验证 码,Google,Netflix 验证
netflix 突然 要 验证,Google,Netflix 验证
netflix 一直 要求 验证,Google,Netflix 验证
netflix 登入 要 验证 吗,Google,Netflix 验证
netflix 转 寄 验证 信,Google,Netflix 验证
netflix 转 寄 验证 码,Google,Netflix 验证
netflix 限制 设备,Google,Netflix 验证
netflix 重新 验证,Google,Netflix 验证
netflix 验证 码 次数,Google,Netflix 验证
netflix 需要 验证,Google,Netflix 验证
netflix 验证 码 自动 转 寄,Google,Netflix 验证
netflix 验证 信 自动 转 寄,Google,Netflix 验证
netflix 自动 验证,Google,Netflix 验证
netflix 自助 验证,Google,Netflix 验证
netflix 登入 需要 验证 吗,Google,Netflix 验证
netflix 换 节点,Google,Netflix 节点
netflix 解锁,Google,Netflix 节点
netflix 解锁 脚本,Google,Netflix 节点
netflix节点,Bing,Netflix 节点
netflix节点推荐,Bing,Netflix 节点
打开魔法上网节点设置为美国访问netflix,Bing,Netflix 节点
netflix劫持节点免登录观看奈飞,Bing,Netflix 节点
节点解锁netflix,Bing,Netflix 节点
该设备没有针对netflix-14优化,Bing,Netflix 节点
netflix 劫持,Google,Netflix 节点
netflix disney+是什么,Bing,Netflix 节点
disney+和netflix哪个好,Bing,Netflix 节点
disney+和netflix对比,Bing,Netflix 节点
节点 netflix,Google,Netflix 节点
netflix 解锁 非 自制 剧,Google,Netflix 节点
netflix ip 解锁,Google,Netflix 节点
netflix 更换节点,Google,Netflix 节点
netflix 解锁 什么 意思,Google,Netflix 节点
netflix 土耳其 价格,Google,Netflix 土耳其
netflix 土耳其 限制,Google,Netflix 土耳其
netflix 土耳其 被 锁,Google,Netflix 土耳其
netflix 土耳其 礼物卡,Google,Netflix 土耳其
netflix 土耳其 lihkg,Google,Netflix 土耳其
netflix 土耳其 ptt,Bing,Netflix 土耳其
netflix 土耳其 ptt,Google,Netflix 土耳其
netflix 土耳其 电话 认证,Google,Netflix 土耳其
netflix 土耳其 剧 推荐,Google,Netflix 土耳其
netflix 土耳其 礼物 卡 ptt,Google,Netflix 土耳其
netflix 土耳其 dcard,Google,Netflix 土耳其
netflix 土耳其 简讯 代 收,Google,Netflix 土耳其
netflix 土耳其 2025,Google,Netflix 土耳其
netflix 土耳其影集,Google,Netflix 土耳其
netflix 土耳其剧,Bing,Netflix 土耳其
netflix 土耳其剧,Google,Netflix 土耳其
netflix 土耳其 香港,Bing,Netflix 土耳其
netflix 土耳其 香港,Google,Netflix 土耳其
netflix 土耳其,Bing,Netflix 土耳其
netflix 土耳其,Google,Netflix 土耳其
netflix 土耳其 禮物卡,Bing,Netflix 土耳其
netflix 土耳其方案,Bing,Netflix 土耳其
netflix 土耳其方案,Google,Netflix 土耳其
netflix 土耳其礼品卡,Bing,Netflix 土耳其
netflix 土耳其礼品卡,Google,Netflix 土耳其
netflix土耳其被鎖,Bing,Netflix 土耳其
netflix土耳其限制,Bing,Netflix 土耳其
netflix 土耳其禮品卡,Bing,Netflix 土耳其
netflix土耳其劇,Bing,Netflix 土耳其
netflix土耳其被锁,Google,Netflix 土耳其
netflix 土耳其 信用卡,Google,Netflix 土耳其
土耳其netflix,Google,Netflix 土耳其
netflix土耳其价格,Bing,Netflix 土耳其
netflix 土耳其 apple,Google,Netflix 土耳其
netflix土耳其 2023,Google,Netflix 土耳其
netflix 土耳其 区 限制,Google,Netflix 土耳其
netflix 土耳其 区,Google,Netflix 土耳其
netflix土耳其 2024,Google,Netflix 土耳其
netflix土耳其官网,Bing,Netflix 土耳其
netflix 土耳其订阅,Google,Netflix 土耳其
netflix 土耳其同住,Google,Netflix 土耳其
netflix 土耳其 同 户,Google,Netflix 土耳其
netflix 土耳其 電話 認證,Google,Netflix 土耳其
netflix 土耳其 電影,Google,Netflix 土耳其
netflix 土耳其 電話,Google,Netflix 土耳其
netflix 土耳其 電視,Google,Netflix 土耳其
netflix 土耳其 同 戶,Google,Netflix 土耳其
netflix 土耳其 簡訊 代 收,Google,Netflix 土耳其
netflix 土耳其 e114,Google,Netflix 土耳其
netflix 土耳其 方案,Google,Netflix 土耳其
netflix土耳其被清退,Google,Netflix 土耳其
netflix 土耳其 不能 看,Google,Netflix 土耳其
netflix 土耳其 被 取消,Google,Netflix 土耳其
netflix 土耳其 被锁,Google,Netflix 土耳其
netflix 土耳其 被 锁 2025,Google,Netflix 土耳其
netflix 土耳其人,Google,Netflix 土耳其
netflix 土耳其 被 抓,Google,Netflix 土耳其
netflix土耳其片,Google,Netflix 土耳其
netflix 土耳其 家庭 方案,Google,Netflix 土耳其
netflix 土耳其帳號被鎖,Google,Netflix 土耳其
netflix 土耳其 高级 方案,Google,Netflix 土耳其
netflix 土耳其 費 率,Google,Netflix 土耳其
netflix 土耳其 高級 方案,Google,Netflix 土耳其
netflix 土耳其 不能看,Google,Netflix 土耳其
netflix土耳其剧,Bing,Netflix 土耳其
netflix土耳其礼品卡,Bing,Netflix 土耳其
土耳其netflix价格,Bing,Netflix 土耳其
netflix 土耳其 ios,Google,Netflix 土耳其
netflix 土耳其 一个月,Google,Netflix 土耳其
netflix 土耳其 印度,Google,Netflix 土耳其
netflix 土耳其 一個月,Google,Netflix 土耳其
netflix土耳其,Google,Netflix 土耳其
netflix 土耳其 gift card,Google,Netflix 土耳其
netflix 土耳其 劇,Google,Netflix 土耳其
netflix 土耳其 劇 推薦,Google,Netflix 土耳其
netflix 土耳其 額外成員,Google,Netflix 土耳其
土耳其 買 netflix,Google,Netflix 土耳其
土耳其 劇 滿月 netflix,Google,Netflix 土耳其
netflix 土耳其 清 退,Google,Netflix 土耳其
netflix 土耳其官网,Google,Netflix 土耳其
netflix 土耳其 影集,Google,Netflix 土耳其
netflix 土耳其 教学,Google,Netflix 土耳其
netflix 土耳其 寄生 帐号,Google,Netflix 土耳其
netflix 土耳其 共享,Google,Netflix 土耳其
netflix 土耳其 锁 区,Google,Netflix 土耳其
土耳其 netflix 家庭,Google,Netflix 土耳其
土耳其 netflix gift card,Google,Netflix 土耳其
netflix 土耳其 礼品 卡,Google,Netflix 土耳其
netflix 土耳其 跨 区,Google,Netflix 土耳其
netflix 土耳其 漲 價,Google,Netflix 土耳其
netflix 土耳其 無法註冊,Google,Netflix 土耳其
netflix 土耳其 礼物卡 ptt,Google,Netflix 土耳其
netflix 土耳其 禮物卡 ptt,Google,Netflix 土耳其
土耳其 netflix price,Google,Netflix 土耳其
netflix 土耳其 收费,Google,Netflix 土耳其
netflix 土耳其 收費,Google,Netflix 土耳其
netflix土耳其2023,Google,Netflix 土耳其
netflix 土耳其 礼品 卡 购买,Google,Netflix 土耳其
netflix 土耳其 礼物 卡,Google,Netflix 土耳其
netflix 土耳其 礼物 卡 2025,Google,Netflix 土耳其
netflix 土耳其 礼品卡,Google,Netflix 土耳其
netflix 土耳其 礼物 卡 清 退,Google,Netflix 土耳其
netflix 土耳其 礼物 卡 哪里 买,Google,Netflix 土耳其
netflix 土耳其 费 率,Google,Netflix 土耳其
netflix 土耳其 接 码,Google,Netflix 土耳其
netflix 土耳其 刷卡,Google,Netflix 土耳其
netflix 土耳其 繁体中文,Google,Netflix 土耳其
netflix 土耳其 繁體中文,Google,Netflix 土耳其
netflix 土耳其 額外 成員,Google,Netflix 土耳其
netflix 土耳其大法,Google,Netflix 土耳其
netflix 土耳其 付款,Google,Netflix 土耳其
netflix 土耳其 手机,Google,Netflix 土耳其
netflix 土耳其 台湾,Google,Netflix 土耳其
netflix 土耳其 月 费,Google,Netflix 土耳其
netflix 土耳其 一个 月,Google,Netflix 土耳其
netflix 土耳其 无法 注册,Google,Netflix 土耳其
netflix 土耳其 繁体 中文,Google,Netflix 土耳其
netflix 土耳其 帳號,Google,Netflix 土耳其
netflix 土耳其 訂閱,Google,Netflix 土耳其
netflix 土耳其 月 費,Google,Netflix 土耳其
netflix 土耳其 手機,Google,Netflix 土耳其
netflix 土耳其 vpn,Google,Netflix 土耳其
netflix 土耳其 涨 价,Google,Netflix 土耳其
netflix 土耳其 遣返,Google,Netflix 土耳其
奈飞影视,Bing,奈飞
奈飞影视,Google,奈飞
奈飞官网,Bing,奈飞
奈飞官网,Google,奈飞
奈飞账号,Bing,奈飞
奈飞账号,Google,奈飞
奈飞股票,Google,奈飞
奈飞下载,Bing,奈飞
奈飞下载,Google,奈飞
奈飞pro,Bing,奈飞
奈飞pro,Google,奈飞
奈飞中文网,Bing,奈飞
奈飞中文网,Google,奈飞
奈飞测速,Bing,奈飞
奈飞测速,Google,奈飞
奈飞会员,Bing,奈飞
奈飞会员,Google,奈飞
奈飞小铺跑路,Bing,奈飞
奈飞小铺跑路,Google,奈飞
奈飞中文,Google,奈飞
奈飞小铺优惠码,Bing,奈飞
奈飞小铺优惠码,Google,奈飞
奈飞app,Bing,奈飞
奈飞app,Google,奈飞
奈飞网页版,Bing,奈飞
奈飞网页版,Google,奈飞
奈飞股价,Google,奈飞
奈飞工厂官网,Bing,奈飞
奈飞中文电影站,Bing,奈飞
奈飞工厂网页版,Bing,奈飞
奈飞工厂在线观看,Bing,奈飞
奈飞小铺,Bing,奈飞
奈飞中文影视,Bing,奈飞
奈飞中文影视,Google,奈飞
奈飞工厂官网首页,Bing,奈飞
奈飞tv,Bing,奈飞
奈飞tv,Google,奈飞
奈飞安卓下载,Google,奈飞
奈飞安装包,Bing,奈飞
奈飞安装包,Google,奈飞
奈飞app怎么设置中文,Bing,奈飞
奈飞app怎么设置中文,Google,奈飞
奈飞apk安装包,Google,奈飞
奈飞安卓tv,Google,奈飞
奈飞安卓,Google,奈飞
奈飞安卓安装包,Google,奈飞
奈飞安装,Google,奈飞
奈飞 ai,Google,奈飞
奈飞app tv,Google,奈飞
奈飞阿根廷,Google,奈飞
奈飞埃及,Bing,奈飞
奈飞埃及,Google,奈飞
奈飞app怎么调清晰度,Google,奈飞
奈飞apk,Bing,奈飞
奈飞app下载,Bing,奈飞
奈飞apk电视版,Bing,奈飞
奈飞app电视版,Bing,奈飞
奈飞apk下载,Bing,奈飞
奈飞apk安装包电视版,Bing,奈飞
奈飞app下载安卓,Bing,奈飞
奈飞安卓tv版,Bing,奈飞
奈飞版三体,Bing,奈飞
奈飞版三体,Google,奈飞
奈飞榜单,Bing,奈飞
奈飞榜单,Google,奈飞
奈飞巴士,Bing,奈飞
奈飞巴士,Google,奈飞
奈飞必看,Google,奈飞
奈飞必须要会员吗,Google,奈飞
奈飞巴基斯坦,Google,奈飞
奈飞bus,Bing,奈飞
奈飞bus,Google,奈飞
奈飞爆米花,Google,奈飞
奈飞必看电影,Google,奈飞
奈飞不能投屏,Google,奈飞
奈飞版天龙八部,Google,奈飞
奈飞 并购,Google,奈飞
奈飞 百年孤独,Bing,奈飞
奈飞 百年孤独,Google,奈飞
奈飞,Bing,奈飞
奈飞播放只有23帧,Bing,奈飞
奈飞抱歉服务中断,Bing,奈飞
奈飞播放器,Bing,奈飞
奈飞版三体在线观看,Bing,奈飞
奈飞百度百科,Bing,奈飞
奈飞 百年孤独 下载,Bing,奈飞
奈飞拆股,Google,奈飞
奈飞财报,Bing,奈飞
奈飞财报,Google,奈飞
奈飞充值,Google,奈飞
奈飞测试,Bing,奈飞
奈飞测试,Google,奈飞
奈飞创始人,Bing,奈飞
奈飞创始人,Google,奈飞
奈飞车,Google,奈飞
奈飞车队,Google,奈飞
奈飞测速网,Google,奈飞
奈飞查看码率,Google,奈飞
奈飞错误代码113,Google,奈飞
奈飞出现技术问题,Google,奈飞
奈飞错误代码e100,Google,奈飞
奈飞ceo,Google,奈飞
奈飞错误码e111,Google,奈飞
奈飞测速网站,Bing,奈飞
奈飞错误代码d7353,Bing,奈飞
奈飞车位,Bing,奈飞
奈飞查看分辨率快捷键,Bing,奈飞
奈飞测网速,Bing,奈飞
奈飞插件,Bing,奈飞
奈飞错误代码d7703,Bing,奈飞
奈飞cookie,Bing,奈飞
奈飞风控,Bing,奈飞
奈飞风控,Google,奈飞
奈飞封号,Bing,奈飞
奈飞封号,Google,奈飞
奈飞方案,Google,奈飞
奈飞费用,Google,奈飞
奈飞分割,Google,奈飞
奈飞翻译,Google,奈飞
奈飞 疯狂动物城,Google,奈飞
奈飞非自制剧,Google,奈飞
奈飞fans,Bing,奈飞
奈飞服务中断,Bing,奈飞
奈飞风,Bing,奈飞
奈飞f1纪录片,Bing,奈飞
奈飞 f1,Bing,奈飞
奈飞 for mac,Bing,奈飞
奈飞服务中断错误代码d7353,Bing,奈飞
奈飞 费用,Bing,奈飞
奈飞 风林火山,Bing,奈飞
奈飞 凡人修仙传,Bing,奈飞
奈飞e111,Bing,奈飞
奈飞e111,Google,奈飞
奈飞e114,Google,奈飞
奈飞 恶魔猎手,Google,奈飞
奈飞台湾,Google,奈飞
奈飞土耳其,Google,奈飞
奈飞亚洲,Google,奈飞
奈飞 e114,Bing,奈飞
奈飞e100,Bing,奈飞
奈飞 恶魔城,Bing,奈飞
奈飞 阿里云盘,Bing,奈飞
奈飞鹅,Bing,奈飞
奈飞exe,Bing,奈飞
奈飞恶魔人,Bing,奈飞
奈飞edge,Bing,奈飞
奈飞edge 4k,Bing,奈飞
奈飞edge无法观看,Bing,奈飞
奈飞电影在线,Google,奈飞
奈飞电影,Bing,奈飞
奈飞电影,Google,奈飞
奈飞动漫,Bing,奈飞
奈飞动漫,Google,奈飞
奈飞电影推荐,Bing,奈飞
奈飞电影推荐,Google,奈飞
奈飞电视剧推荐,Bing,奈飞
奈飞电视剧推荐,Google,奈飞
奈飞电影排行,Google,奈飞
奈飞订阅,Google,奈飞
奈飞电视剧,Bing,奈飞
奈飞电视剧,Google,奈飞
奈飞代码,Google,奈飞
奈飞多少钱,Google,奈飞
奈飞电视剧排行榜,Google,奈飞
奈飞订阅价格,Google,奈飞
奈飞电脑版,Google,奈飞
奈飞电视apk,Google,奈飞
奈飞电影网,Bing,奈飞
奈飞电视版apk下载,Bing,奈飞
奈飞电影站,Bing,奈飞
奈飞弹幕网,Bing,奈飞
奈飞电影网站,Bing,奈飞
奈飞d7353,Bing,奈飞
奈飞电影在线观看,Bing,奈飞
奈飞股票代码,Google,奈飞
奈飞工程,Google,奈飞
奈飞公司,Google,奈飞
奈飞高分剧,Google,奈飞
奈飞共享,Google,奈飞
奈飞高分电影,Google,奈飞
奈飞股票走势,Google,奈飞
奈飞 怪物,Google,奈飞
奈飞股票拆分,Google,奈飞
奈飞工厂-一个致力于免费提供netflix影剧动漫的流媒体播放平台–奈飞工厂 netflixgc netflixgc.com,Google,奈飞
奈飞各区价格,Google,奈飞
奈飞狗,Google,奈飞
奈飞工厂,Bing,奈飞
奈飞工厂官网地址,Bing,奈飞
奈飞工厂官网入口,Bing,奈飞
奈飞工厂app下载,Bing,奈飞
奈飞工厂官网网页版,Bing,奈飞
奈飞工厂电脑版,Bing,奈飞
奈飞工厂官网版app下载,Bing,奈飞
奈飞会员价格,Bing,奈飞
奈飞会员价格,Google,奈飞
奈飞韩剧,Bing,奈飞
奈飞韩剧,Google,奈飞
奈飞会员合租,Bing,奈飞
奈飞会员合租,Google,奈飞
奈飞好看的剧,Bing,奈飞
奈飞好看的剧,Google,奈飞
奈飞 华纳,Google,奈飞
奈飞好看的电影,Google,奈飞
奈飞好剧,Google,奈飞
奈飞韩剧推荐,Google,奈飞
奈飞 华纳兄弟,Google,奈飞
奈飞好剧推荐,Bing,奈飞
奈飞好剧推荐,Google,奈飞
奈飞盒子,Bing,奈飞
奈飞盒子,Google,奈飞
奈飞会员淘宝,Google,奈飞
奈飞会员账号,Bing,奈飞
奈飞会员账号,Google,奈飞
奈飞画质,Google,奈飞
奈飞合租,Bing,奈飞
奈飞合租平台,Bing,奈飞
奈飞韩剧网,Bing,奈飞
奈飞会员一个月多少钱,Bing,奈飞
奈飞会员共享,Bing,奈飞
奈飞ip,Google,奈飞
奈飞 ir,Google,奈飞
奈飞 一个月,Google,奈飞
奈飞ios,Bing,奈飞
奈飞ios,Google,奈飞
奈飞 ipad,Google,奈飞
奈飞ios下载,Bing,奈飞
奈飞ios下载,Google,奈飞
奈飞 ipv6,Google,奈飞
奈飞ipa,Bing,奈飞
奈飞 ipad 4k,Bing,奈飞
奈飞ipa下载,Bing,奈飞
奈飞id,Bing,奈飞
奈飞ir,Bing,奈飞
奈飞ipv6,Bing,奈飞
奈飞ipad,Bing,奈飞
奈飞ip检测,Bing,奈飞
奈飞ipa文件,Bing,奈飞
奈飞解锁检测,Google,奈飞
奈飞纪录片,Bing,奈飞
奈飞纪录片,Google,奈飞
奈飞绝命毒师,Bing,奈飞
奈飞绝命毒师,Google,奈飞
奈飞检测,Google,奈飞
奈飞剧集,Google,奈飞
奈飞剧,Google,奈飞
奈飞镜像,Bing,奈飞
奈飞镜像,Google,奈飞
奈飞剧集推荐,Bing,奈飞
奈飞剧集推荐,Google,奈飞
奈飞价格表,Google,奈飞
奈飞剧排行,Google,奈飞
奈飞家庭组,Google,奈飞
奈飞巨洪,Google,奈飞
奈飞家庭会员,Google,奈飞
奈飞家庭,Google,奈飞
奈飞加速器,Bing,奈飞
奈飞机场,Bing,奈飞
奈飞镜像网站,Bing,奈飞
奈飞节点,Bing,奈飞
奈飞剧集排名,Bing,奈飞
奈飞机场推荐,Bing,奈飞
奈飞解锁,Bing,奈飞
奈飞客户端,Bing,奈飞
奈飞客户端,Google,奈飞
奈飞恐怖片,Google,奈飞
奈飞可以看什么,Google,奈飞
奈飞可以投屏吗,Google,奈飞
奈飞开车,Google,奈飞
奈飞看不了4k,Google,奈飞
奈飞 科学怪人,Google,奈飞
奈飞恐怖片推荐,Google,奈飞
奈飞快车,Google,奈飞
奈飞卡在25,Google,奈飞
奈飞 夸克,Bing,奈飞
奈飞客户端下载,Bing,奈飞
奈飞会员购买,Bing,奈飞
奈飞会员多少钱一个月,Bing,奈飞
奈飞会员拼车,Bing,奈飞
奈飞礼品卡,Bing,奈飞
奈飞礼品卡,Google,奈飞
奈飞logo,Bing,奈飞
奈飞logo,Google,奈飞
奈飞礼品卡购买,Bing,奈飞
奈飞礼品卡购买,Google,奈飞
奈飞流媒体,Bing,奈飞
奈飞流媒体,Google,奈飞
奈飞礼品码,Google,奈飞
奈飞乐园,Google,奈飞
奈飞老板,Google,奈飞
奈飞流量,Google,奈飞
奈飞录屏,Google,奈飞
奈 飞 离线,Google,奈飞
奈 飞 类似,Google,奈飞
奈飞啦,Bing,奈飞
奈飞 l1,Bing,奈飞
奈飞 loon,Bing,奈飞
奈飞 猎魔人,Bing,奈飞
奈飞 路由器,Bing,奈飞
奈飞logo图片,Bing,奈飞
奈飞礼品卡香港,Bing,奈飞
奈飞论坛,Bing,奈飞
奈飞netflix官网,Bing,奈飞
奈飞netflix官网,Google,奈飞
奈飞not available,Bing,奈飞
奈飞not available,Google,奈飞
奈飞哪个区最便宜,Google,奈飞
奈飞nw-2-5,Google,奈飞
奈飞能看什么,Google,奈飞
奈飞 netflix,Bing,奈飞
奈飞 netflix,Google,奈飞
奈飞尼日利亚,Google,奈飞
奈飞年费,Google,奈飞
奈飞哪个区便宜,Google,奈飞
奈飞nw-6-403,Google,奈飞
奈飞哪里便宜,Google,奈飞
奈飞哪个地区最便宜,Google,奈飞
奈飞哪个区资源多,Bing,奈飞
奈飞哪个区资源多,Google,奈飞
奈飞您的账户无法在此地点使用,Google,奈飞
奈飞netflix官网入口,Bing,奈飞
奈飞netflix官网下载,Bing,奈飞
奈飞netflix免费看,Bing,奈飞
奈飞奈飞,Bing,奈飞
奈飞not available怎么办,Bing,奈飞
奈飞netflix官网中文,Bing,奈飞
奈飞netflix工厂,Bing,奈飞
奈飞netflix官网入口手机版,Bing,奈飞
奈飞免费,Google,奈飞
奈飞没有中文字幕怎么办,Google,奈飞
奈飞美剧,Bing,奈飞
奈飞美剧,Google,奈飞
奈飞美剧推荐,Bing,奈飞
奈飞美剧推荐,Google,奈飞
奈飞密码错误,Bing,奈飞
奈飞密码错误,Google,奈飞
奈飞没有中文字幕,Google,奈飞
奈飞mac客户端,Bing,奈飞
奈飞mac客户端,Google,奈飞
奈飞美国,Google,奈飞
奈飞 mac,Google,奈飞
奈飞美国官网,Google,奈飞
奈飞美区价格,Google,奈飞
奈飞mac版,Google,奈飞
奈飞买华纳,Google,奈飞
奈飞美股,Google,奈飞
奈飞美剧排行,Google,奈飞
奈飞猫,Bing,奈飞
奈飞猫官网,Bing,奈飞
奈飞免费看,Bing,奈飞
奈飞免费在线电影,Bing,奈飞
奈飞免费账号,Bing,奈飞
奈飞免费吗,Bing,奈飞
奈飞免费观看,Bing,奈飞
奈飞美股盘前跌3%,Bing,奈飞
奈飞 收费,Google,奈飞
奈飞网址,Google,奈飞
奈飞网站,Bing,奈飞
奈飞网站,Google,奈飞
奈飞网剧,Bing,奈飞
奈飞网剧,Google,奈飞
奈飞 org,Bing,奈飞
奈飞区域,Bing,奈飞
奈飞pro跑路,Google,奈飞
奈飞排行榜,Bing,奈飞
奈飞排行榜,Google,奈飞
奈飞排名,Bing,奈飞
奈飞排名,Google,奈飞
奈飞片源,Bing,奈飞
奈飞片源,Google,奈飞
奈飞片单,Google,奈飞
奈飞pc客户端,Bing,奈飞
奈飞pc客户端,Google,奈飞
奈飞片源查询,Google,奈飞
奈飞pc端,Google,奈飞
奈飞拼车,Bing,奈飞
奈飞破解版,Bing,奈飞
奈飞拼车平台,Bing,奈飞
奈飞平替,Bing,奈飞
奈飞 pc 4k,Bing,奈飞
奈飞pro下载,Bing,奈飞
奈飞pro会员,Bing,奈飞
奈飞清晰度,Bing,奈飞
奈飞清晰度,Google,奈飞
奈飞清退,Google,奈飞
奈飞 权力的游戏,Bing,奈飞
奈飞 权力的游戏,Google,奈飞
奈飞清晰度设置,Bing,奈飞
奈飞清晰度设置,Google,奈飞
奈飞要钱吗,Google,奈飞
奈飞不清晰,Google,奈飞
奈飞地区,Google,奈飞
奈飞企业文化,Bing,奈飞
奈飞企业文化手册,Bing,奈飞
奈飞招聘,Bing,奈飞
奈飞全球价格,Bing,奈飞
奈飞清晰度怎么调,Bing,奈飞
奈飞 全职猎人,Bing,奈飞
奈飞企业文化ppt,Bing,奈飞
奈飞全吗,Bing,奈飞
奈飞全球榜,Bing,奈飞
奈飞热剧,Bing,奈飞
奈飞热剧,Google,奈飞
奈飞如何调整清晰度,Google,奈飞
奈飞日本,Bing,奈飞
奈飞日本,Google,奈飞
奈飞日剧,Bing,奈飞
奈飞日剧,Google,奈飞
奈飞认证,Bing,奈飞
奈飞认证,Google,奈飞
奈飞如何设置中文,Google,奈飞
奈飞热播,Google,奈飞
奈飞热播剧,Bing,奈飞
奈飞热播剧,Google,奈飞
奈飞日本价格,Google,奈飞
奈飞软件,Bing,奈飞
奈飞软件,Google,奈飞
奈飞如何设置pin码,Google,奈飞
奈飞热门剧,Google,奈飞
奈飞如何投屏,Google,奈飞
奈飞热门电影,Google,奈飞
奈飞日区价格,Google,奈飞
奈飞ri,Bing,奈飞
奈飞认证电视,Bing,奈飞
奈飞日本电视剧,Bing,奈飞
奈飞r21,Bing,奈飞
奈飞软件下载,Bing,奈飞
奈飞r级,Bing,奈飞
奈飞 stock,Google,奈飞
奈飞收购华纳,Bing,奈飞
奈飞收购华纳,Google,奈飞
奈飞是什么,Bing,奈飞
奈飞是什么,Google,奈飞
奈飞三体,Bing,奈飞
奈飞三体,Google,奈飞
奈飞收购,Google,奈飞
奈飞是什么公司,Bing,奈飞
奈飞是什么公司,Google,奈飞
奈飞市值,Bing,奈飞
奈飞市值,Google,奈飞
奈飞收购华纳兄弟,Google,奈飞
奈飞什么时候拆股,Google,奈飞
奈飞视频,Bing,奈飞
奈飞视频,Google,奈飞
奈飞神剧,Bing,奈飞
奈飞神剧,Google,奈飞
奈飞双语字幕,Google,奈飞
奈飞收购案,Google,奈飞
奈飞上好看的电影,Google,奈飞
奈飞三体第二季,Bing,奈飞
奈飞三体第二季,Google,奈飞
奈飞是哪个国家的,Bing,奈飞
奈飞是干嘛的,Bing,奈飞
奈飞三体在线,Bing,奈飞
奈飞视频下载,Bing,奈飞
奈飞推荐,Bing,奈飞
奈飞推荐,Google,奈飞
奈飞tv版,Google,奈飞
奈飞套餐,Google,奈飞
奈飞 天龙八部,Google,奈飞
奈飞tv apk,Bing,奈飞
奈飞tv apk,Google,奈飞
奈飞 土耳其,Google,奈飞
奈飞台剧,Google,奈飞
奈飞图标,Bing,奈飞
奈飞图标,Google,奈飞
奈飞同户验证,Google,奈飞
奈飞投屏,Bing,奈飞
奈飞投屏,Google,奈飞
奈飞特,Google,奈飞
奈飞tv版下载,Bing,奈飞
奈飞tv版下载,Google,奈飞
奈飞tv安装包,Google,奈飞
奈飞tv版客户端,Bing,奈飞
奈飞tv在线观看,Bing,奈飞
奈飞天,Bing,奈飞
奈飞梯子,Bing,奈飞
奈飞tv下载,Bing,奈飞
奈飞tv版客户端下载,Bing,奈飞
奈飞 ui-800-3,Bing,奈飞
奈飞 ui-800-3,Google,奈飞
奈飞原生ip,Google,奈飞
奈飞优惠码,Google,奈飞
奈 飞 云,Google,奈飞
奈飞ui3012,Bing,奈飞
奈飞uwp客户端,Bing,奈飞
奈飞ultra hd,Bing,奈飞
奈飞vpn,Bing,奈飞
奈飞vpn,Google,奈飞
奈飞vps,Google,奈飞
奈飞网络,Google,奈飞
奈飞是啥,Google,奈飞
奈飞vip,Bing,奈飞
奈飞vpn评测,Bing,奈飞
奈飞vpn优惠码,Bing,奈飞
奈飞vpn安全吗,Bing,奈飞
奈飞vpn怎么用,Bing,奈飞
奈飞vpn破解版,Bing,奈飞
奈飞 vps,Bing,奈飞
奈飞vmaf,Bing,奈飞
奈飞vpn官网,Bing,奈飞
奈飞vpn推荐,Bing,奈飞
奈飞vip多少钱,Bing,奈飞
奈飞文化手册,Bing,奈飞
奈飞文化手册,Google,奈飞
奈飞网速测试,Google,奈飞
奈飞网,Google,奈飞
奈飞无法注册,Google,奈飞
奈飞windows下载,Bing,奈飞
奈飞windows下载,Google,奈飞
奈飞 windows 客户端,Google,奈飞
奈飞文化手册pdf,Google,奈飞
奈飞文化,Google,奈飞
奈飞无耻之徒,Google,奈飞
奈飞 武士,Google,奈飞
奈飞网速,Google,奈飞
奈飞网剧在线观看,Bing,奈飞
奈飞windows客户端,Bing,奈飞
奈飞网站官网,Bing,奈飞
奈飞文化手册 pdf,Bing,奈飞
奈飞网页版入口,Bing,奈飞
奈飞文化手册读后感,Bing,奈飞
奈飞windows客户端下载,Bing,奈飞
奈飞小铺跑路了吗,Bing,奈飞
奈飞小铺跑路了吗,Google,奈飞
奈飞新剧,Bing,奈飞
奈飞新剧,Google,奈飞
奈飞香港,Google,奈飞
奈飞新片,Google,奈飞
奈飞小镇跑路,Google,奈飞
奈飞小铺翻车,Google,奈飞
奈飞新闻,Google,奈飞
奈飞下载安卓,Bing,奈飞
奈飞下载安卓,Google,奈飞
奈飞香港价格,Google,奈飞
奈飞星,Bing,奈飞
奈飞星,Google,奈飞
奈飞新剧2025,Google,奈飞
奈飞线上看,Google,奈飞
奈飞下载电脑,Bing,奈飞
奈飞星影视,Bing,奈飞
奈飞下载apk,Bing,奈飞
奈飞小站,Bing,奈飞
奈飞小铺官网,Bing,奈飞
奈飞有什么好看的剧,Google,奈飞
奈飞有中文字幕吗,Google,奈飞
奈飞影视app,Google,奈飞
奈飞影视推荐,Google,奈飞
奈飞月费,Google,奈飞
奈飞 一亩三分地,Google,奈飞
奈飞影视剧,Google,奈飞
奈飞有什么好看的,Google,奈飞
奈飞月租,Google,奈飞
奈飞影视城,Google,奈飞
奈飞一直转圈,Google,奈飞
奈飞影视网站,Google,奈飞
奈飞游戏,Google,奈飞
奈飞语言设置,Google,奈飞
奈飞鸭,Bing,奈飞
奈飞影视中文网,Bing,奈飞
奈飞影视免费观看,Bing,奈飞
奈飞影院,Bing,奈飞
奈飞影视在线观看,Bing,奈飞
奈飞影视下载,Bing,奈飞
奈飞影视官网,Bing,奈飞
奈飞影视官方版官网,Bing,奈飞
奈飞影视剧集弹幕网,Bing,奈飞
奈飞一个月多少钱,Bing,奈飞
奈飞影院 在线观看,Bing,奈飞
奈飞在线,Google,奈飞
奈飞账号注册,Google,奈飞
奈飞最新电影,Google,奈飞
奈飞怎么设置中文,Google,奈飞
奈飞中国,Bing,奈飞
奈飞中国,Google,奈飞
奈飞中文版,Google,奈飞
奈飞注册教程,Google,奈飞
奈飞在线观看,Bing,奈飞
奈飞在线观看,Google,奈飞
奈飞怎么看,Google,奈飞
奈飞账户,Google,奈飞
奈飞最好看的剧,Google,奈飞
奈飞中文电影网,Bing,奈飞
奈飞中文电影站官网,Bing,奈飞
奈飞资源网站,Bing,奈飞
奈飞中文网电影站,Bing,奈飞
奈飞中文影视剧集弹幕网,Bing,奈飞
奈飞中文电影站官网免费观看,Bing,奈飞
奈飞拼车网站,Bing,奈飞 拼车
奈飞拼车教程,Bing,奈飞 拼车
拼车奈飞,Bing,奈飞 拼车
奈飞影视 热门电影 最新电影 最新电视剧 免费在线观看,Bing,奈飞 拼车
奈飞pin码,Google,奈飞 拼车
奈飞设置pin,Google,奈飞 拼车
奈 飞 小 铺 售后,Google,奈飞 小铺
奈飞小铺靠谱吗,Bing,奈飞 小铺
奈飞小铺是不是跑路了,Bing,奈飞 小铺
奈飞小铺是不是跑路了,Google,奈飞 小铺
奈飞小铺优惠码8折,Bing,奈飞 小铺
奈飞小铺和蜜糖哪个好,Bing,奈飞 小铺
奈飞小铺 disney,Bing,奈飞 小铺
奈飞小铺退款,Bing,奈飞 小铺
奈飞小铺退款,Google,奈飞 小铺
奈飞小铺怎么用,Bing,奈飞 小铺
奈飞小铺 换车失败,Google,奈飞 小铺
奈飞小铺ptt,Google,奈飞 小铺
奈飞小铺是干嘛的,Bing,奈飞 小铺
奈飞小铺安全吗,Bing,奈飞 小铺
奈飞小铺disney+优惠码,Bing,奈飞 小铺
奈飞小铺高级车是什么,Bing,奈飞 小铺
奈飞小铺合租,Bing,奈飞 小铺
奈飞小铺工单,Bing,奈飞 小铺
奈飞小铺和奈飞小镇,Bing,奈飞 小铺
奈飞小铺怎么退款,Bing,奈飞 小铺
奈飞小镇和奈飞小铺,Bing,奈飞 小铺
奈飞小铺 跑路,Bing,奈飞 小铺
奈飞小铺vpn,Bing,奈飞 小铺
奈飞小铺优惠券,Bing,奈飞 小铺
奈飞小铺优惠码spotify,Bing,奈飞 小铺
奈飞小铺怎么样,Bing,奈飞 小铺
奈飞机场的交通,Bing,奈飞 机场
奈飞机场的位置,Bing,奈飞 机场
奈飞机场的历史,Bing,奈飞 机场
奈飞机场的安检,Bing,奈飞 机场
奈飞机场的航班,Bing,奈飞 机场
奈飞机场的设施,Bing,奈飞 机场
奈飞机场的购物,Bing,奈飞 机场
奈飞机场的酒店,Bing,奈飞 机场
奈飞机场的餐饮,Bing,奈飞 机场
奈飞机场的停车场,Bing,奈飞 机场
奈飞机场官网,Bing,奈飞 机场
机场解锁奈飞,Bing,奈飞 机场
奈飞专线机场,Bing,奈飞 机场
看奈飞的机场,Bing,奈飞 机场
能看奈飞的机场,Bing,奈飞 机场
机场奈飞,Bing,奈飞 机场
机场推荐奈飞,Bing,奈飞 机场
奈飞解锁机场,Bing,奈飞 机场
奈飞机场节点,Bing,奈飞 机场
奈飞机场哪个好,Bing,奈飞 机场
网飞app,Bing,网飞
网飞app,Google,网飞
网飞apk,Bing,网飞
网飞apk,Google,网飞
网飞安装包,Bing,网飞
网飞安装包,Google,网飞
网飞app下载,Bing,网飞
网飞app下载,Google,网飞
网飞 暗黑,Bing,网飞
网飞 暗黑,Google,网飞
网飞apk下载,Bing,网飞
网飞apk下载,Google,网飞
网飞 阿凡达,Google,网飞
网飞安卓下载,Google,网飞
网飞安卓,Google,网飞
网飞 暗河传,Google,网飞
网飞 ai,Google,网飞
网飞ai,Bing,网飞
网飞apk电视版,Bing,网飞
网飞奥特曼,Bing,网飞
网飞暗黑第一季,Bing,网飞
网飞爱死机,Bing,网飞
网飞aoo,Bing,网飞
网飞会员,Bing,网飞
网飞会员,Google,网飞
网飞下载,Bing,网飞
网飞下载,Google,网飞
网飞官网,Bing,网飞
网飞官网,Google,网飞
网飞新剧,Bing,网飞
网飞新剧,Google,网飞
网飞三体,Bing,网飞
网飞三体,Google,网飞
网飞账号,Bing,网飞
网飞账号,Google,网飞
网飞小铺,Bing,网飞
网飞小铺,Google,网飞
网飞中文网,Bing,网飞
网飞中文网,Google,网飞
网飞在线,Bing,网飞
网飞在线,Google,网飞
网飞测速,Bing,网飞
网飞测速,Google,网飞
网飞影视,Bing,网飞
网飞影视,Google,网飞
网飞股票,Google,网飞
网飞电影,Bing,网飞
网飞电影,Google,网飞
网飞中文,Bing,网飞
网飞中文,Google,网飞
网飞纪录片,Bing,网飞
网飞纪录片,Google,网飞
网飞猫网页版,Bing,网飞
网飞猫官网,Bing,网飞
网飞tv,Bing,网飞
网飞tv,Google,网飞
网飞猫官网入口,Bing,网飞
网飞猫影视,Bing,网飞
网飞猫网页版在线观看,Bing,网飞
网飞啦,Bing,网飞
网飞啦,Google,网飞
网飞猫下载,Bing,网飞
网飞猫app,Bing,网飞
网飞猫免费在线观看,Bing,网飞
网飞版三体,Bing,网飞
网飞版三体,Google,网飞
网飞 百年孤独,Google,网飞
网飞必看,Bing,网飞
网飞必看,Google,网飞
网飞必须付费吗,Google,网飞
网飞并购,Google,网飞
网飞标准方案,Google,网飞
网飞不能看,Google,网飞
网飞并购华纳,Google,网飞
网飞并购华纳兄弟,Google,网飞
网飞被盗,Google,网飞
网飞版天龙八部,Google,网飞
网飞不能截图,Google,网飞
网飞榜单,Google,网飞
网飞避雷,Google,网飞
网飞必看韩剧,Google,网飞
网飞吧,Bing,网飞
网飞版三体在线观看,Bing,网飞
网飞百年孤独,Bing,网飞
网飞版是什么意思,Bing,网飞
网飞版三体下载,Bing,网飞
网飞版双城之战,Bing,网飞
网飞百年孤独在线观看,Bing,网飞
网飞百度百科,Bing,网飞
网飞播,Bing,网飞
网飞 变形金刚,Bing,网飞
网飞拆股,Google,网飞
网飞车,Bing,网飞
网飞车,Google,网飞
网飞财报,Bing,网飞
网飞财报,Google,网飞
网飞车位,Google,网飞
网飞创始人,Bing,网飞
网飞创始人,Google,网飞
网飞 长安二十四计,Google,网飞
网飞错误码,Google,网飞
网飞查看分辨率,Google,网飞
网飞充值,Google,网飞
网飞ceo,Bing,网飞
网飞ceo,Google,网飞
网飞车票,Google,网飞
网飞车队,Google,网飞
网飞 拆分,Google,网飞
网飞测试,Google,网飞
网飞cat,Bing,网飞
网飞出品,Bing,网飞
网飞错误代码d7353,Bing,网飞
网飞出品的剧,Bing,网飞
网飞出品的动漫,Bing,网飞
网飞 初恋,Bing,网飞
网飞 尺度,Bing,网飞
网飞电影推荐,Bing,网飞
网飞电影推荐,Google,网飞
网飞动漫,Bing,网飞
网飞动漫,Google,网飞
网飞电视剧,Bing,网飞
网飞电视剧,Google,网飞
网飞电影在线,Google,网飞
网飞电视剧推荐,Bing,网飞
网飞电视剧推荐,Google,网飞
网飞登录不上,Google,网飞
网飞动画,Google,网飞
网飞订阅方案,Google,网飞
网飞订阅,Google,网飞
网飞 dc直播,Google,网飞
网飞电视版,Google,网飞
网飞 当机,Google,网飞
网飞低价区,Google,网飞
网飞电视剧排行,Bing,网飞
网飞电视剧排行,Google,网飞
网飞电影在线观看,Bing,网飞
网飞的剧,Bing,网飞
网飞电视版apk,Bing,网飞
网飞电视剧在线观看,Bing,网飞
网飞的剧在哪里可以看,Bing,网飞
网飞订阅价格,Bing,网飞
网飞 额外成员,Google,网飞
网飞 儿童专区,Google,网飞
网飞 恶灵古堡,Google,网飞
网飞e114,Bing,网飞
网飞e114,Google,网飞
网飞 earnings,Google,网飞
网飞土耳其,Google,网飞
网飞2022,Google,网飞
网飞2023,Google,网飞
王二妮 云飞,Google,网飞
网飞eureka,Bing,网飞
网飞edge,Bing,网飞
网飞eric,Bing,网飞
网飞恶魔城,Bing,网飞
网飞eva,Bing,网飞
网飞 edge 4k,Bing,网飞
网飞恶魔人,Bing,网飞
网飞恶魔城一共有几部,Bing,网飞
网飞e100,Bing,网飞
网飞 阿童木,Bing,网飞
网飞 eleven,Bing,网飞
网飞方案,Google,网飞
网飞 费用,Google,网飞
网飞非同住者,Google,网飞
网飞付费方式,Google,网飞
网飞分享,Google,网飞
网飞f1,Google,网飞
网飞 分割,Google,网飞
网飞 非同住,Google,网飞
网飞方案比较,Google,网飞
网飞分拆,Google,网飞
网飞 弗兰肯斯坦,Google,网飞
网飞分享帐号,Google,网飞
网飞服务中断,Bing,网飞
网飞服务中断,Google,网飞
网飞方案ptt,Google,网飞
网飞翻译,Google,网飞
网飞f1纪录片,Bing,网飞
网飞f1纪录片下载,Bing,网飞
网飞forever,Bing,网飞
网飞f1纪录片第七季,Bing,网飞
网飞弗兰肯斯坦,Bing,网飞
网飞费用,Bing,网飞
网飞 first love,Bing,网飞
网飞forever美剧,Bing,网飞
网飞服务器中断,Bing,网飞
网飞付款,Bing,网飞
网飞弗兰肯斯坦在线观看,Bing,网飞
网飞高分剧,Bing,网飞
网飞高分剧,Google,网飞
网飞股价,Google,网飞
网飞公司,Google,网飞
网飞高分电影,Google,网飞
网飞国产剧,Google,网飞
网飞共享,Google,网飞
网飞股价大跌,Google,网飞
网飞更新时间,Google,网飞
网飞 高级方案,Google,网飞
网飞怪奇物语,Bing,网飞
网飞怪奇物语,Google,网飞
网飞观看纪录,Google,网飞
网飞高级版,Google,网飞
网飞鬼片推荐,Google,网飞
网飞工厂,Bing,网飞
网飞官网入口,Bing,网飞
网飞官网下载,Bing,网飞
网飞工厂官网,Bing,网飞
网飞官网netflix,Bing,网飞
网飞官网入口中国,Bing,网飞
网飞鬼泣,Bing,网飞
网飞官网网址,Bing,网飞
网飞官网在线观看,Bing,网飞
网飞 ig,Google,网飞
网飞 ios,Google,网飞
网飞 ip,Google,网飞
网飞 印度,Google,网飞
网飞 一直转,Google,网飞
网飞 一年,Google,网飞
网飞 一个月多少,Google,网飞
网飞 印度电影,Google,网飞
网飞 医疗剧,Google,网飞
网飞 一直转圈,Google,网飞
网飞 一镜到底,Google,网飞
网飞 一直被登出,Google,网飞
网飞 一年费用,Google,网飞
网飞 意思,Google,网飞
网飞 如何取消订阅,Google,网飞
网飞,Bing,网飞
网飞,Google,网飞
网飞i猫,Bing,网飞
网飞ip,Bing,网飞
网飞ios,Bing,网飞
网飞ipa,Bing,网飞
网飞ipad,Bing,网飞
网飞ipv6,Bing,网飞
网飞ios下载,Bing,网飞
网飞猫,Bing,网飞
网飞剧,Bing,网飞
网飞剧,Google,网飞
网飞剧集推荐,Bing,网飞
网飞剧集推荐,Google,网飞
网飞价格,Bing,网飞
网飞价格,Google,网飞
网飞剧推荐,Bing,网飞
网飞剧推荐,Google,网飞
网飞机场,Google,网飞
网飞剧集,Google,网飞
网飞节目表,Google,网飞
网飞 截图,Google,网飞
网飞 家庭,Google,网飞
网飞 即将下架,Google,网飞
网飞镜像,Bing,网飞
网飞镜像,Google,网飞
网飞几点更新,Google,网飞
网飞 角头,Google,网飞
网飞镜像网站,Bing,网飞
网飞镜像网站,Google,网飞
网飞剧集排行,Bing,网飞
网飞加速器,Bing,网飞
网飞剧在线观看,Bing,网飞
网飞 蒋介石,Bing,网飞
网飞剧集在线观看,Bing,网飞
网飞会员多少钱,Google,网飞
网飞韩剧,Bing,网飞
网飞韩剧,Google,网飞
网飞好剧推荐,Bing,网飞
网飞好剧推荐,Google,网飞
网飞好剧,Bing,网飞
网飞好剧,Google,网飞
网飞 华纳,Bing,网飞
网飞 华纳,Google,网飞
网飞会员淘宝,Google,网飞
网飞韩剧推荐,Google,网飞
网飞会员购买,Bing,网飞
网飞会员购买,Google,网飞
网飞好看的剧,Google,网飞
网飞好看的电影,Google,网飞
网飞 画质,Google,网飞
网飞 hbo,Google,网飞
网飞海贼王,Google,网飞
网飞 哈利波特,Google,网飞
网飞会员多少钱一个月,Bing,网飞
网飞合租,Bing,网飞
网飞华人在线影院,Bing,网飞
网飞会员价格,Bing,网飞
网飞和奈飞是同一个吗,Bing,网飞
网飞会员合租,Bing,网飞
网飞礼品卡,Bing,网飞
网飞礼品卡,Google,网飞
网飞 陆剧,Google,网飞
网飞 离线观看,Google,网飞
网飞logo,Bing,网飞
网飞logo,Google,网飞
网飞 老板,Google,网飞
网飞礼品卡购买,Google,网飞
网飞连不上,Google,网飞
网飞 陆剧推荐,Google,网飞
网飞恋综,Google,网飞
网飞 历史剧,Google,网飞
网飞 链锯人,Google,网飞
网飞历史股价,Google,网飞
网飞 恋爱,Google,网飞
网飞历年股价,Google,网飞
网飞啦海外华人在线影院,Bing,网飞
网飞啦官网,Bing,网飞
网飞啦华人在线影院,Bing,网飞
网飞了,Bing,网飞
网飞啦在线观看,Bing,网飞
网飞啦tv,Bing,网飞
网飞 la,Bing,网飞
网飞logo图片,Bing,网飞
网飞 恋综,Bing,网飞
网飞恐怖片,Bing,网飞
网飞恐怖片,Google,网飞
网飞客户端,Bing,网飞
网飞客户端,Google,网飞
网飞客服电话,Google,网飞
网飞可以几个人用,Google,网飞
网飞 客服,Google,网飞
网飞恐怖片推荐,Google,网飞
网飞 跨区,Google,网飞
网飞看剧,Bing,网飞
网飞看剧,Google,网飞
网飞 卡通,Google,网飞
网飞 科学怪人,Google,网飞
网飞 壳,Google,网飞
网飞狂赌之渊,Bing,网飞
网飞看剧要钱吗,Bing,网飞
网飞客户端下载,Bing,网飞
网飞科幻剧,Bing,网飞
网飞猫在线,Google,网飞
网飞美剧,Google,网飞
网飞免费,Google,网飞
网飞没有中文字幕,Google,网飞
网飞免费看,Google,网飞
网飞美剧推荐,Google,网飞
网飞免费版,Google,网飞
网飞 美股,Google,网飞
网飞猫安全吗,Google,网飞
网飞猫官网网址,Bing,网飞
网飞猫tv,Bing,网飞
网飞猫官网在线观看,Bing,网飞
网飞netflix,Google,网飞
网飞年费,Google,网飞
网飞 您的装置尚未设为此帐户的同户装置,Google,网飞
网飞 年缴,Google,网飞
网飞not available,Bing,网飞
网飞not available,Google,网飞
网飞 nw-2-5,Google,网飞
网飞nw-6-403,Google,网飞
网飞哪里便宜,Google,网飞
网飞推荐,Bing,网飞
网飞推荐,Google,网飞
王菲女儿,Google,网飞
王菲你,Google,网飞
王菲那英,Google,网飞
网飞netflix官网,Bing,网飞
网飞netflix官网在线观看,Bing,网飞
网飞netflix官网下载,Bing,网飞
网飞netflix官网入口,Bing,网飞
网飞netflix官网中文,Bing,网飞
网飞not available怎么办,Bing,网飞
网飞nw-2-5,Bing,网飞
网飞 nw-4-7,Bing,网飞
网飞netflix高分韩剧,Bing,网飞
网飞netflix官网剧集,Bing,网飞
网飞netflix官网app,Bing,网飞
carry on 网飞,Google,网飞
网飞 音效,Google,网飞
网飞 音乐,Google,网飞
网飞 收购华纳,Google,网飞
网飞 欧美剧,Google,网飞
网飞 收费方式,Google,网飞
网飞 鬼片,Google,网飞
网飞 鬼片推荐,Google,网飞
网飞 奥特曼,Google,网飞
网飞 鬼灭之刃,Google,网飞
网飞 阿根廷,Google,网飞
网飞收购 hbo,Google,网飞
网飞 鬼灭,Google,网飞
网飞 收购,Google,网飞
网飞 折扣,Google,网飞
网飞op,Bing,网飞
网飞okr,Bing,网飞
网飞otv,Bing,网飞
网飞区域,Bing,网飞
网飞排行,Google,网飞
网飞排行榜,Bing,网飞
网飞排行榜,Google,网飞
网飞 片单,Google,网飞
网飞 ptt,Google,网飞
网飞平台,Bing,网飞
网飞平台,Google,网飞
网飞片源,Google,网飞
网飞 pin码,Google,网飞
网飞 盘前,Google,网飞
网飞平替,Google,网飞
网飞评分,Google,网飞
网飞盘后,Google,网飞
网飞评价,Google,网飞
网飞 派拉蒙,Google,网飞
网飞拼车,Bing,网飞
网飞pc客户端,Bing,网飞
网飞破解版,Bing,网飞
网飞排名,Bing,网飞
网飞排行榜前十名,Bing,网飞
网飞ppt模板,Bing,网飞
网飞pc端,Bing,网飞
网飞 ps5,Bing,网飞
网飞 取消订阅,Google,网飞
网飞取消,Google,网飞
网飞清晰度,Bing,网飞
网飞清晰度,Google,网飞
网飞切换语言,Google,网飞
网飞前10名,Google,网飞
网飞清晰度怎么调,Bing,网飞
网飞清晰度怎么调,Google,网飞
网飞 机场,Google,网飞
网飛,Google,网飞
网飞招聘,Bing,网飞
网飞 将军,Bing,网飞
网飞青春剧,Bing,网飞
网飞企业文化,Bing,网飞
网飞全球化,Bing,网飞
网飞权力的游戏,Bing,网飞
网飞qq邮箱,Bing,网飞
网飞全称,Bing,网飞
网飞情劫,Bing,网飞
网飞企业文化ppt,Bing,网飞
网飞日剧,Bing,网飞
网飞日剧,Google,网飞
网飞日剧推荐,Google,网飞
网飞如何注册,Google,网飞
网飞日本,Bing,网飞
网飞日本,Google,网飞
网飞热剧,Bing,网飞
网飞热剧,Google,网飞
网飞热播,Google,网飞
网飞热播剧,Bing,网飞
网飞热播剧,Google,网飞
网飞 日本电影,Google,网飞
网飞热门剧,Bing,网飞
网飞热门剧,Google,网飞
网飞 人数,Google,网飞
网飞软件,Bing,网飞
网飞软件,Google,网飞
网飞如何换区,Google,网飞
网飞入青云,Google,网飞
网飞热门电影,Google,网飞
网飞日漫,Bing,网飞
网飞 日本武士,Bing,网飞
网飞认证电视,Bing,网飞
网飞认证设备,Bing,网飞
网飞入口,Bing,网飞
网飞是什么,Bing,网飞
网飞是什么,Google,网飞
网飞收购,Google,网飞
网飞收购华纳,Bing,网飞
网飞收购华纳,Google,网飞
网飞市值,Bing,网飞
网飞市值,Google,网飞
网飞三体第二季,Bing,网飞
网飞三体第二季,Google,网飞
网飞神剧,Bing,网飞
网飞神剧,Google,网飞
网飞收购华纳兄弟,Google,网飞
网飞双语字幕,Google,网飞
网飞 stock,Google,网飞
网飞收购hbo,Google,网飞
网飞收费,Google,网飞
网飞 双字幕,Google,网飞
网飞是大陆用语吗,Google,网飞
网飞 双11,Google,网飞
网飞三体电视剧在线观看,Bing,网飞
网飞是哪个国家的,Bing,网飞
网飞视频,Bing,网飞
网飞是什么意思,Bing,网飞
网飞是什么平台,Bing,网飞
网飞双城之战第二季在线观看,Bing,网飞
网飞 推荐,Google,网飞
网飞tv在线,Google,网飞
网飞 天龙八部,Google,网飞
网飞台剧,Google,网飞
网飞套餐,Google,网飞
网飞台湾剧,Google,网飞
网飞 淘宝,Google,网飞
网飞台湾概念股,Google,网飞
网飞台湾,Google,网飞
网飞退订,Google,网飞
网飞投影电视,Google,网飞
网飞 推荐电影,Google,网飞
网飞推荐韩剧,Google,网飞
网飞tv版,Google,网飞
网飞tv官网,Bing,网飞
网飞tv - 奈飞影视剧集弹幕网,Bing,网飞
网飞tv在线观看,Bing,网飞
网飞tv官网下载,Bing,网飞
网飞tv-奈飞影视,Bing,网飞
网飞tv免费看,Bing,网飞
网飞tv版下载,Bing,网飞
网飞tv网站,Bing,网飞
网飞tv官网入口,Bing,网飞
网飞tv奈飞影视剧集弹幕网wangfei io,Bing,网飞
网飞 ui-800-3,Google,网飞
网飞 上架,Google,网飞
网飞 上线时间,Google,网飞
网飞 wiki,Google,网飞
网飞 上架时间,Google,网飞
网飞 海贼王,Google,网飞
网飞 海绵宝宝,Google,网飞
ubear 网飞,Google,网飞
器子 网飞,Google,网飞
梅根 网飞,Google,网飞
wicked 网飞,Google,网飞
网飞ui,Bing,网飞
网飞uwp,Bing,网飞
网飞url,Bing,网飞
网飞ui设计,Bing,网飞
网飞umao,Bing,网飞
网飞ui3012,Bing,网飞
网飞ui-800-3,Bing,网飞
网飞vpn,Bing,网飞
网飞vpn,Google,网飞
网飞 vpn ptt,Google,网飞
网飞网站,Bing,网飞
网飞网站,Google,网飞
网 飞 vpn 检测,Google,网飞
网飞vpn检测,Bing,网飞
网飞vip,Bing,网飞
网飞vip价格,Bing,网飞
网飞vr,Bing,网飞
网飞vip账号,Bing,网飞
网飞vip多少钱,Bing,网飞
网飞网页版,Bing,网飞
网飞网页版,Google,网飞
网飞无法登入,Google,网飞
网飞 wbc,Google,网飞
网飞无法注册,Google,网飞
网飞 武士生死斗,Google,网飞
网飞 无法播放,Google,网飞
网飞网页,Google,网飞
网飞 武士,Google,网飞
网飞网速测试,Bing,网飞
网飞网速测试,Google,网飞
网飞无法截图,Google,网飞
网飞wwe,Google,网飞
网飞无法播放影片,Google,网飞
网飞windows客户端,Bing,网飞
网飞wiki,Bing,网飞
网飞为什么不进入中国,Bing,网飞
网飞网剧,Bing,网飞
网飞windows下载,Bing,网飞
网飞物联,Bing,网飞
网飞 网飞,Bing,网飞
网飞网页版网址,Bing,网飞
网飞win11,Bing,网飞
网飞线上看,Google,网飞
网飞新剧推荐,Google,网飞
网飞香港,Bing,网飞
网飞香港,Google,网飞
网飞新片,Bing,网飞
网飞新片,Google,网飞
网飞新剧2025,Bing,网飞
网飞新剧2025,Google,网飞
网飞下架,Google,网飞
网飞下载影片,Google,网飞
网飞 新增使用者,Google,网飞
网飞 信用卡,Google,网飞
网飞 虾皮,Google,网飞
网飞新电影,Google,网飞
网飞信用卡优惠,Google,网飞
网飞下载电脑,Bing,网飞
网飞下载安卓,Bing,网飞
网飞星期三,Bing,网飞
网飞需要付费吗,Bing,网飞
网飞需要梯子吗,Bing,网飞
网飞小镇,Bing,网飞
网飞有中文字幕吗,Google,网飞
网飞游戏,Bing,网飞
网飞游戏,Google,网飞
网飞一个月多少钱,Bing,网飞
网飞一个月多少钱,Google,网飞
网飞优惠,Google,网飞
网飞 月费,Google,网飞
网飞影集推荐,Google,网飞
网飞月租费,Google,网飞
网飞语言设定,Google,网飞
网飞英文,Bing,网飞
网飞英文,Google,网飞
网飞影片,Google,网飞
网飞英文怎么念,Google,网飞
网飞 月租,Google,网飞
网飞一年费用,Google,网飞
网飞一个月,Google,网飞
网飞鱼,Bing,网飞
网飞影院,Bing,网飞
网飞影视在线观看,Bing,网飞
王飞云,Bing,网飞
网飞有什么好看的剧,Bing,网飞
网飞有中文吗,Bing,网飞
网飞一个月会员多少钱,Bing,网飞
网飞鸭,Bing,网飞
网飞注册,Bing,网飞
网飞注册,Google,网飞
网飞账号购买,Google,网飞
网飞综艺,Bing,网飞
网飞综艺,Google,网飞
网飞账号注册,Google,网飞
网飞怎么注册,Google,网飞
网飞 中国电视剧,Google,网飞
网飞怎么设置中文,Google,网飞
网飞注册不了,Google,网飞
网飞最新电影,Google,网飞
网飞租号,Google,网飞
网飞最新电视剧,Google,网飞
网飞在线观看,Bing,网飞
网飞综艺网站,Bing,网飞
网飞在线免费观看,Bing,网飞
网飞中国,Bing,网飞
网飞中文电影站,Bing,网飞
网飞在线观看免费,Bing,网飞
